"","Category","Product","Sales","Profit","FirstName","LastName","Date","Currency"
"1","VAN","Galey Motor Seal",109.65,9.877882,"Alex","ROBINSON",20150807,"USD"
"2","VAN","Gas Enhancer Mini",129.59,6.834337,"Tim","JACKSON",20150807,"AUD"
"3","VAN","Hanley Shock Absorber",59.81,23.50242,"Mike","CAMPBELL",20150807,"CAD"
"4","VAN","Ball Bearing - Heavy",149.53,58.75605,"Christopher","CARTER",20150807,"USD"
"5","VAN","X11 Valve",9.97,3.91707,"Gerald","MOORE",20150807,"NZD"
"6","VAN","GT Micro Fluid",99.68,39.1707,"Debra","SANDERS",20150506,"NZD"
"7","VAN","Galey Motor Seal",139.56,25.090703,"Eugene","COLEMAN",20130822,"AUD"
"8","VAN","Gas Enhancer Mini",119.62,47.00484,"Filia","MORRIS",20130812,"CAD"
"9","VAN","TGR Rust Remover",69.78,8.515796,"Clay","GREEN",20150623,"AUD"
"10","SUV","Galey Motor Seal",120.6,38.089368,"Greg","MORRIS",20130802,"AUD"
"11","SUV","Valve Seal Grely",80.4,13.805373,"Jack","TURNER",20120621,"CAD"
"12","SUV","Light Ball Bearing Deyk",201.01,61.838214,"Jack","LOPEZ",20120621,"CAD"
"13","COMPACT","TGR Rust Remover",72.93,23.939489,"George","YOUNG",20150429,"AUD"
"14","COMPACT","Hanley Shock Absorber",46.41,18.23675,"George","MORGAN",20150429,"CAD"
"15","COMPACT","Gas Enhancer Mini",33.15,12.721589,"Paul","NELSON",20120817,"USD"
"16","COMPACT","Light Ball Bearing Deyk",79.56,26.688794,"Paul","ROBINSON",20120817,"NZD"
"17","COMPACT","Gas Enhancer Mini",92.82,9.324343,"Shui","WOOD",20151017,"CAD"
"18","COMPACT","TGR Rust Remover",33.15,13.02625,"Shui","RODRIGUEZ",20151017,"AUD"
"19","COMPACT","Gas Enhancer Mini",66.3,26.0525,"Ralph","BAILEY",20130523,"USD"
"20","COMPACT","X11 Valve",106.08,25.185718,"Roger","MILLER",20131022,"NZD"
"21","COMPACT","Ball Bearing - Heavy",106.08,41.684,"Berenike","BARNES",20140606,"AUD"
"22","COMPACT","X11 Valve",39.78,15.6315,"Berenike","CAMPBELL",20140606,"USD"
"23","COMPACT","Gas Enhancer Mini",46.41,12.188279,"Muhammed","CLARK",20120406,"USD"
"24","VAN","Iron Trans Bolt Pack",102.96,40.458,"John","SMITH",20131129,"USD"
"25","VAN","GT Micro Fluid",196.68,27.618715,"Heather","MARTIN",20131215,"CAD"
"26","VAN","Valve Seal Grely",60.06,10.992316,"William","LOPEZ",20131113,"CAD"
"27","VAN","Valve Seal Grely",135.22,53.13484,"Ed","LEE",20120924,"CAD"
"28","VAN","Hanley Shock Absorber",85.8,33.715,"Ed","HERNANDEZ",20120924,"USD"
"29","VAN","GT Micro Fluid",24.59,9.66088,"Ed","ANDERSON",20120924,"NZD"
"30","VAN","X11 Valve",8.58,8.901986,"Kean","WARD",20140918,"CAD"
"31","VAN","Gas Enhancer Mini",98.34,38.64352,"Kean","RODRIGUEZ",20140918,"USD"
"32","VAN","TGR Rust Remover",36.88,9.3176,"Karl","MOORE",20151026,"NZD"
"33","VAN","Galey Motor Seal",NA,48.3044,"Karl","WOOD",20151026,"CAD"
"34","VAN","Gas Enhancer Mini",98.34,NA,"Darren","SCOTT",20150508,"USD"
"35","VAN","X11 Valve",61.46,19.370187,"Darren","WHITE",20150508,"CAD"
"36","SUV","Hanley Shock Absorber",81.9,9.788997,"Darren","WRIGHT",20150508,"USD"
"37","SUV","Ball Bearing - Heavy",47.97,18.84975,"Darren","SMITH",20150508,"USD"
"38","SUV","X11 Valve",123.43,48.50056,"Darren","WHITE",20150508,"CAD"
"39","SUV","Galey Motor Seal",204.75,7.888697,"Larry","HILL",20141018,"CAD"
"40","COMPACT","Ball Bearing - Heavy",50.54,21.466647,"Larry","WRIGHT",20141018,"CAD"
"41","COMPACT","GT Micro Fluid",87.36,39.82661,"Janet","ALLEN",20150511,"NZD"
"42","COMPACT","TGR Rust Remover",113.57,29.61403,"Marc","BROOKS",20121108,"NZD"
"43","COMPACT","X11 Valve",122.3,4334.45,"Marc","PETERSON",20121108,"AUD"
"44","COMPACT","Iron Trans Bolt Pack",58.97,23.1714,"Marc","REED",20121108,"AUD"
"45","COMPACT","Gas Enhancer Mini",NA,35.777132,"Marc","EDWARDS",20121108,"CAD"
"46","COMPACT","Iron Trans Bolt Pack",58.97,15.060797,"Greg","GONZALEZ",20120119,"NZD"
"47","COMPACT","Iron Trans Bolt Pack",16.85,11.851129,"Greg","SANDERS",20120119,"AUD"
"48","COMPACT","Iron Trans Bolt Pack",113.57,23.373077,"Greg","MURPHY",20120119,"CAD"
"49","COMPACT","X11 Valve",78.62,30.8952,"Greg","WALKER",20120119,"CAD"
"50","COMPACT","TGR Rust Remover",96.1,19.646037,"Toby","YOUNG",20150324,"USD"
"51","COMPACT","Gas Enhancer Mini",117.94,46.3428,"Jennifer","BROWN",20140915,"CAD"
"52","COMPACT","X11 Valve",109.51,35.673535,"Rick","LOPEZ",20121004,"AUD"
"53","VAN","Hanley Shock Absorber",39.87,NA,"Frank","REED",20130311,"AUD"
"54","VAN","Light Ball Bearing Deyk",159.49,NA,"Linda","MORRIS",20150701,"CAD"
"55","VAN","Hanley Shock Absorber",19.94,13.550978,"Linda","GREEN",20150701,"AUD"
"56","VAN","Valve Seal Grely",149.53,23.712679,"Linda","COOK",20150701,"CAD"
"57","VAN","Hanley Shock Absorber",149.53,58.75605,"Linda","CLARK",20150701,"NZD"
"58","VAN","Galey Motor Seal",149.53,50.378179,"Linda","COX",20150701,"USD"
"59","VAN","Light Ball Bearing Deyk",169.46,17.356482,"Henry","DAVIS",20150328,"CAD"
"60","VAN","TGR Rust Remover",99.68,18.551219,"Natalie","RODRIGUEZ",20121129,"CAD"
"61","VAN","Valve Seal Grely",29.91,7.207654,"Mitch","WRIGHT",20140820,"CAD"
"62","VAN","Galey Motor Seal",69.78,15.437179,"Mitch","KING",20140820,"NZD"
"63","VAN","Light Ball Bearing Deyk",29.91,11.184185,"Sanjit","ROSS",20130904,"NZD"
"64","VAN","Galey Motor Seal",159.49,62.67312,"Sung","KELLY",20140808,"AUD"
"65","VAN","Light Ball Bearing Deyk",89.72,8.19581,"Jim","REED",20140921,"AUD"
"66","SUV","TGR Rust Remover",174.21,68.45371,"Beth","PEREZ",20131229,"AUD"
"67","SUV","Valve Seal Grely",134,52.6567,"Beth","PHILLIPS",20131229,"NZD"
"68","SUV","GT Micro Fluid",134,29.520241,"Beth","BARNES",20131229,"CAD"
"69","COMPACT","GT Micro Fluid",33.15,17.079406,"Beth","HALL",20131229,"AUD"
"70","COMPACT","Galey Motor Seal",39.78,15.6315,"Alyssa","CAMPBELL",20130715,"NZD"
"71","COMPACT","Gas Enhancer Mini",106.08,17.948027,"Tamara","COOPER",20131026,"CAD"
"72","COMPACT","TGR Rust Remover",53.04,20.110078,"Phillip","GONZALEZ",20130225,"USD"
"73","COMPACT","Galey Motor Seal",106.08,16.173392,"Phillip","WILSON",20130225,"AUD"
"74","COMPACT","Gas Enhancer Mini",112.71,17.599843,"Phillip","MORGAN",20130225,"NZD"
"75","COMPACT","Iron Trans Bolt Pack",53.04,15.959455,"Phillip","GRAY",20130225,"CAD"
"76","COMPACT","TGR Rust Remover",19.89,7.81575,"Berenike","HILL",20150326,"AUD"
"77","COMPACT","TGR Rust Remover",99.45,20.905752,"Berenike","EVANS",20150326,"AUD"
"78","COMPACT","Galey Motor Seal",66.3,9.195,"Berenike","EDWARDS",20150326,"NZD"
"79","VAN","GT Micro Fluid",85.8,33.715,"Evan","PRICE",20120817,"NZD"
"80","VAN","Hanley Shock Absorber",196.68,17.03527,"Beth","WATSON",20150809,"CAD"
"81","VAN","GT Micro Fluid",77.22,30.3435,"Beth","MITCHELL",20150809,"NZD"
"82","VAN","Valve Seal Grely",111.54,38.546053,"Beth","WOOD",20150809,"AUD"
"83","VAN","Iron Trans Bolt Pack",94.38,7.323511,"Beth","EDWARDS",20150809,"USD"
"84","VAN","Hanley Shock Absorber",196.68,36.872563,"Beth","HARRIS",20150809,"NZD"
"85","VAN","Light Ball Bearing Deyk",25.74,10.1145,"Ed","COLEMAN",20150802,"USD"
"86","VAN","GT Micro Fluid",120.12,47.201,"Charles","WILSON",20150911,"USD"
"87","VAN","TGR Rust Remover",49.17,19.32176,"Aaron","CLARK",20120702,"NZD"
"88","VAN","GT Micro Fluid",122.93,24.007532,"Rick","RICHARDSON",20150612,"AUD"
"89","VAN","X11 Valve",98.34,38.64352,"Rick","SANCHEZ",20150612,"CAD"
"90","VAN","Light Ball Bearing Deyk",42.9,21.276004,"Rick","LEE",20150612,"USD"
"91","VAN","TGR Rust Remover",17.16,8.000876,"Sean","MARTIN",20140621,"USD"
"92","VAN","Light Ball Bearing Deyk",12.29,8.249754,"Linda","SMITH",20140716,"USD"
"93","SUV","Gas Enhancer Mini",191.1,75.0925,"Irene","ANDERSON",20150824,"AUD"
"94","SUV","Iron Trans Bolt Pack",271.83,61.930777,"Claudia","PARKER",20150819,"AUD"
"95","SUV","Hanley Shock Absorber",108,11.545855,"Claudia","BELL",20150819,"NZD"
"96","SUV","X11 Valve",262.28,103.06369,"Claudia","GRAY",20150819,"AUD"
"97","SUV","GT Micro Fluid",159.9,47.867944,"Michael","MORGAN",20150420,"CAD"
"98","SUV","Light Ball Bearing Deyk",216,65.252011,"Michael","LOPEZ",20150420,"CAD"
"99","SUV","Light Ball Bearing Deyk",191.88,57.113823,"Michael","LEE",20150420,"CAD"
"100","COMPACT","Galey Motor Seal",25.27,9.9306,"Randy","HALL",20131231,"USD"
"101","COMPACT","Valve Seal Grely",34.94,19.3095,"Jocasta","MARTINEZ",20150830,"NZD"
"102","COMPACT","Light Ball Bearing Deyk",122.3,21.015479,"Cathy","GRAY",20130619,"NZD"
"103","COMPACT","GT Micro Fluid",16.85,10.721983,"Cathy","BENNETT",20130619,"NZD"
"104","COMPACT","Iron Trans Bolt Pack",87.36,18.600872,"Cathy","BENNETT",20130619,"CAD"
"105","COMPACT","Light Ball Bearing Deyk",148.51,32.180661,"Cathy","YOUNG",20130619,"AUD"
"106","COMPACT","TGR Rust Remover",134.78,14.094709,"Cathy","ROBERTS",20130619,"NZD"
"107","COMPACT","Gas Enhancer Mini",126.36,12.602054,"Cathy","WATSON",20130619,"AUD"
"108","COMPACT","Ball Bearing - Heavy",78.62,21.144209,"Trudy","ROGERS",20151231,"CAD"
"109","COMPACT","X11 Valve",122.3,8.981676,"Trudy","HILL",20151231,"USD"
"110","COMPACT","TGR Rust Remover",75.82,29.7918,"Trudy","THOMPSON",20151231,"NZD"
"111","COMPACT","Galey Motor Seal",58.97,23.1714,"Trudy","BENNETT",20151231,"AUD"
"112","COMPACT","Gas Enhancer Mini",78.62,9.003744,"Cathy","CAMPBELL",20131125,"USD"
"113","COMPACT","Hanley Shock Absorber",143.21,56.2734,"Cathy","MOORE",20131125,"AUD"
"114","COMPACT","Iron Trans Bolt Pack",92.66,36.4122,"Cathy","COOK",20131125,"AUD"
"115","COMPACT","TGR Rust Remover",126.36,15.195044,"Doug","BAILEY",20140821,"CAD"
"116","COMPACT","X11 Valve",78.62,28.196161,"Jennifer","YOUNG",20150619,"USD"
"117","COMPACT","Galey Motor Seal",61.15,24.0296,"Ken","JACKSON",20150218,"CAD"
"118","COMPACT","GT Micro Fluid",139.78,19.921887,"Patrick","HERNANDEZ",20150922,"AUD"
"119","VAN","Hanley Shock Absorber",149.53,58.75605,"Valerie","COLLINS",20150519,"NZD"
"120","VAN","Ball Bearing - Heavy",59.81,23.51468,"Valerie","GRAY",20150519,"NZD"
"121","VAN","Galey Motor Seal",129.59,27.729668,"James","COLEMAN",20130613,"AUD"
"122","VAN","Valve Seal Grely",29.91,11.890361,"James","MORRIS",20130613,"AUD"
"123","VAN","Ball Bearing - Heavy",19.94,12.040546,"James","REED",20130613,"USD"
"124","VAN","Valve Seal Grely",49.84,19.58535,"James","MILLER",20130613,"CAD"
"125","SUV","GT Micro Fluid",174.21,55.561094,"Sanjit","LOPEZ",20151201,"NZD"
"126","SUV","Ball Bearing - Heavy",147.4,59.731946,"Sanjit","RAMIREZ",20151201,"CAD"
"127","SUV","TGR Rust Remover",227.81,8.550737,"Sanjit","ALLEN",20151201,"USD"
"128","SUV","Gas Enhancer Mini",120.6,18.881013,"Sanjit","MILLER",20151201,"AUD"
"129","COMPACT","GT Micro Fluid",19.89,7.880115,"Justin","ROBERTS",20130212,"CAD"
"130","COMPACT","Gas Enhancer Mini",33.15,16.086346,"Justin","NELSON",20131026,"AUD"
"131","COMPACT","X11 Valve",6.63,7.691311,"Justin","TURNER",20131026,"USD"
"132","COMPACT","Hanley Shock Absorber",112.71,44.28925,"Justin","HARRIS",20131026,"CAD"
"133","COMPACT","TGR Rust Remover",59.67,11.413447,"Quincy","WRIGHT",20131116,"NZD"
"134","COMPACT","Iron Trans Bolt Pack",19.89,7.598135,"Harold","RAMIREZ",20120327,"CAD"
"135","COMPACT","X11 Valve",86.19,33.86825,"Anna","NELSON",20131128,"CAD"
"136","COMPACT","Gas Enhancer Mini",53.04,21.69407,"Sarah","NELSON",20150905,"NZD"
"137","COMPACT","Ball Bearing - Heavy",79.56,37.205422,"Sarah","ROSS",20150905,"USD"
"138","COMPACT","Gas Enhancer Mini",106.08,46.966834,"Jasper","JONES",20130917,"NZD"
"139","COMPACT","TGR Rust Remover",86.19,19.849553,"Ben","KELLY",20150127,"AUD"
"140","COMPACT","Galey Motor Seal",59.67,19.308887,"Liz","COOPER",20150211,"CAD"
"141","VAN","Gas Enhancer Mini",51.48,9.484336,"Liz","LEE",20150211,"CAD"
"142","VAN","Hanley Shock Absorber",110.64,48.738404,"Liz","NELSON",20150211,"AUD"
"143","VAN","Light Ball Bearing Deyk",49.17,16.444338,"Carlos","SANCHEZ",20131205,"CAD"
"144","VAN","Gas Enhancer Mini",42.9,10.367669,"Carlos","BAKER",20131205,"AUD"
"145","VAN","Valve Seal Grely",25.74,10.1145,"Carlos","COOPER",20131205,"CAD"
"146","VAN","Valve Seal Grely",42.9,17.1027,"Tim","CARTER",20140913,"NZD"
"147","VAN","GT Micro Fluid",8.58,6.971036,"Tim","BARNES",20140913,"AUD"
"148","VAN","Ball Bearing - Heavy",77.22,21.180376,"Rose","COOPER",20130908,"AUD"
"149","VAN","GT Micro Fluid",208.98,13.543009,"Rose","PEREZ",20130908,"NZD"
"150","VAN","Ball Bearing - Heavy",94.38,37.0865,"Odella","ROSS",20130102,"CAD"
"151","VAN","Ball Bearing - Heavy",172.1,12.408346,"Odella","MITCHELL",20130102,"USD"
"152","VAN","Light Ball Bearing Deyk",36.88,14.49132,"Odella","WILLIAMS",20130102,"USD"
"153","VAN","Gas Enhancer Mini",135.22,53.13484,"Alice","SMITH",20140930,"AUD"
"154","VAN","X11 Valve",24.59,10.082624,"Eva","PHILLIPS",20141211,"USD"
"155","SUV","Valve Seal Grely",46.29,18.18771,"Eva","ROBINSON",20141211,"NZD"
"156","SUV","Ball Bearing - Heavy",15.43,7.032336,"Valerie","HENDERSON",20141222,"AUD"
"157","SUV","X11 Valve",92.57,22.541849,"Valerie","TURNER",20141222,"CAD"
"158","SUV","X11 Valve",27.3,9.899337,"Eugene","LEE",20130905,"USD"
"159","SUV","Ball Bearing - Heavy",13.65,11.073845,"Ken","DAVIS",20150612,"AUD"
"160","SUV","Iron Trans Bolt Pack",30.86,12.12514,"Ken","MORGAN",20150612,"NZD"
"161","COMPACT","GT Micro Fluid",26.21,10.2984,"Ken","HOWARD",20150612,"AUD"
"162","COMPACT","Hanley Shock Absorber",84.24,33.102,"Brenda","PHILLIPS",20130616,"USD"
"163","COMPACT","TGR Rust Remover",26.21,7.095475,"Brenda","TAYLOR",20130616,"NZD"
"164","COMPACT","Gas Enhancer Mini",87.36,34.328,"Brenda","WARD",20130616,"AUD"
"165","COMPACT","Ball Bearing - Heavy",78.62,19.050814,"Steven","COLLINS",20140420,"CAD"
"166","COMPACT","TGR Rust Remover",33.7,14.770235,"Mick","BAKER",20150517,"NZD"
"167","COMPACT","Ball Bearing - Heavy",8.42,7.508637,"Parhena","WARD",20140319,"AUD"
"168","COMPACT","X11 Valve",50.54,19.8612,"Todd","ROBERTS",20140121,"AUD"
"169","COMPACT","Hanley Shock Absorber",26.21,10.176413,"Frank","BAILEY",20141014,"USD"
"170","COMPACT","X11 Valve",143.21,19.381834,"Jim","HARRIS",20151024,"NZD"
"171","COMPACT","Hanley Shock Absorber",69.89,30.418899,"Jill","COX",20120617,"USD"
"172","VAN","X11 Valve",29.91,14.548942,"Jill","MILLER",20120617,"NZD"
"173","VAN","Light Ball Bearing Deyk",9.97,6.769972,"Joe","TORRES",20140316,"NZD"
"174","VAN","Ball Bearing - Heavy",29.91,11.75121,"Tamara","RAMIREZ",20141222,"AUD"
"175","VAN","TGR Rust Remover",9.97,3.91707,"Tamara","MORRIS",20141222,"USD"
"176","VAN","Galey Motor Seal",9.97,8.135123,"Tamara","THOMAS",20141222,"NZD"
"177","VAN","X11 Valve",159.49,46.218974,"Fred","COX",20150308,"NZD"
"178","VAN","TGR Rust Remover",9.97,6.993717,"Mark","PETERSON",20130628,"AUD"
"179","VAN","Hanley Shock Absorber",89.72,35.25363,"Joy","STEWART",20150820,"AUD"
"180","VAN","X11 Valve",69.78,10.480461,"Joy","COOK",20150820,"USD"
"181","VAN","X11 Valve",139.56,9.855201,"Arthur","ROBINSON",20140403,"NZD"
"182","VAN","Iron Trans Bolt Pack",89.72,38.197256,"Patrick","WARD",20121109,"AUD"
"183","VAN","Valve Seal Grely",49.84,19.58535,"Thais","BELL",20130519,"AUD"
"184","SUV","Hanley Shock Absorber",187.61,62.564619,"Thais","MORGAN",20130519,"NZD"
"185","SUV","Hanley Shock Absorber",160.8,69.210765,"Ryan","HENDERSON",20151211,"AUD"
"186","SUV","Gas Enhancer Mini",201.01,22.600697,"Alejandro","MORGAN",20151216,"USD"
"187","COMPACT","Ball Bearing - Heavy",6.63,2.60525,"Alejandro","WILSON",20151216,"CAD"
"188","COMPACT","Galey Motor Seal",106.08,12.230576,"Alejandro","LEWIS",20151216,"NZD"
"189","COMPACT","Light Ball Bearing Deyk",92.82,17.851173,"Christine","WOOD",20140707,"CAD"
"190","COMPACT","Valve Seal Grely",46.41,22.197956,"Christine","ADAMS",20140707,"CAD"
"191","COMPACT","Light Ball Bearing Deyk",66.3,18.97235,"Christy","HERNANDEZ",20141001,"USD"
"192","COMPACT","Ball Bearing - Heavy",106.08,41.684,"Toby","BROWN",20150817,"NZD"
"193","COMPACT","GT Micro Fluid",112.71,24.554941,"Toby","COX",20150817,"NZD"
"194","COMPACT","X11 Valve",33.15,9.827616,"Katrina","PRICE",20140904,"AUD"
"195","COMPACT","Gas Enhancer Mini",13.26,5.2105,"Sanjit","TURNER",20120830,"AUD"
"196","COMPACT","Gas Enhancer Mini",86.19,33.12652,"Sanjit","COOPER",20120830,"USD"
"197","COMPACT","TGR Rust Remover",6.63,6.402172,"Sara","ANDERSON",20151207,"CAD"
"198","COMPACT","Galey Motor Seal",86.19,16.236531,"Sara","YOUNG",20151207,"CAD"
"199","COMPACT","Gas Enhancer Mini",19.89,7.492086,"Sara","HERNANDEZ",20151207,"USD"
"200","COMPACT","Hanley Shock Absorber",79.56,31.263,"Tom","MOORE",20150907,"NZD"
"201","COMPACT","Galey Motor Seal",79.56,36.944897,"Ralph","BROOKS",20130207,"USD"
"202","VAN","GT Micro Fluid",172.1,23.273771,"Bill","WILLIAMS",20120506,"CAD"
"203","VAN","Iron Trans Bolt Pack",122.93,48.3044,"Heather","WRIGHT",20121106,"NZD"
"204","VAN","X11 Valve",86.05,12.157629,"Heather","TORRES",20121106,"USD"
"205","VAN","X11 Valve",159.81,62.79572,"Alejandro","ROBINSON",20140724,"NZD"
"206","VAN","Light Ball Bearing Deyk",8.58,6.253213,"Alejandro","PRICE",20140724,"NZD"
"207","VAN","Ball Bearing - Heavy",98.34,34.392978,"Art","WOOD",20150922,"USD"
"208","VAN","TGR Rust Remover",60.06,6.93916,"Lela","MARTIN",20120902,"CAD"
"209","VAN","GT Micro Fluid",68.64,26.972,"Naresj","ADAMS",20130303,"AUD"
"210","VAN","Gas Enhancer Mini",12.29,4.83044,"Christine","ROGERS",20150809,"AUD"
"211","SUV","Galey Motor Seal",123.43,48.50056,"Christine","ROGERS",20150809,"CAD"
"212","SUV","Hanley Shock Absorber",30.86,15.346455,"Roland","BAKER",20150607,"AUD"
"213","SUV","Light Ball Bearing Deyk",15.43,6.06257,"Michelle","RIVERA",20150828,"USD"
"214","COMPACT","Gas Enhancer Mini",148.51,25.605623,"Matt","THOMPSON",20120120,"CAD"
"215","COMPACT","Hanley Shock Absorber",117.94,44.81643,"Matt","WALKER",20120120,"NZD"
"216","COMPACT","Galey Motor Seal",134.78,52.9632,"Eugene","PRICE",20120317,"NZD"
"217","COMPACT","Galey Motor Seal",8.74,6.967358,"Eugene","BENNETT",20120317,"USD"
"218","COMPACT","Ball Bearing - Heavy",8.74,8.274887,"Max","WILLIAMS",20140908,"USD"
"219","COMPACT","GT Micro Fluid",134.78,48.122952,"Ricardo","BROWN",20150930,"USD"
"220","COMPACT","X11 Valve",75.82,11.883618,"Nat","JACKSON",20140902,"CAD"
"221","COMPACT","Valve Seal Grely",25.27,9.9306,"Roy","NELSON",20140711,"NZD"
"222","COMPACT","Light Ball Bearing Deyk",96.1,15.542615,"Roy","GRAY",20140711,"USD"
"223","COMPACT","GT Micro Fluid",50.54,19.8612,"Roy","WILLIAMS",20140711,"CAD"
"224","COMPACT","Galey Motor Seal",58.97,27.391905,"Roy","NELSON",20140711,"CAD"
"225","COMPACT","Iron Trans Bolt Pack",75.82,11.16886,"Charles","ALLEN",20140703,"USD"
"226","COMPACT","Iron Trans Bolt Pack",25.27,9.9306,"Charles","JOHNSON",20140703,"CAD"
"227","COMPACT","TGR Rust Remover",126.36,49.653,"Theresa","RODRIGUEZ",20120617,"USD"
"228","COMPACT","Hanley Shock Absorber",17.47,9.175997,"Ted","TAYLOR",20151203,"NZD"
"229","COMPACT","Valve Seal Grely",139.78,12.460451,"Ted","WARD",20151203,"NZD"
"230","VAN","Iron Trans Bolt Pack",59.81,15.689735,"Ted","RICHARDSON",20151203,"USD"
"231","VAN","TGR Rust Remover",159.49,68.612477,"Ted","JONES",20151203,"USD"
"232","VAN","Light Ball Bearing Deyk",29.91,15.069992,"Ted","MILLER",20151203,"AUD"
"233","VAN","TGR Rust Remover",109.65,43.08777,"Ted","REED",20151203,"CAD"
"234","VAN","Valve Seal Grely",129.59,18.568383,"Ted","YOUNG",20151203,"USD"
"235","VAN","Gas Enhancer Mini",129.59,17.3479,"Ted","HARRIS",20151203,"USD"
"236","VAN","Galey Motor Seal",29.91,13.331524,"Ted","JONES",20151203,"CAD"
"237","VAN","Valve Seal Grely",109.65,8.754866,"Clytie","WRIGHT",20120805,"CAD"
"238","VAN","Valve Seal Grely",89.72,35.25363,"Clytie","MITCHELL",20120805,"NZD"
"239","VAN","Iron Trans Bolt Pack",49.84,20.792347,"Clytie","TORRES",20120805,"CAD"
"240","SUV","Valve Seal Grely",174.21,63.932222,"Susan","SCOTT",20131207,"CAD"
"241","SUV","Valve Seal Grely",93.8,20.865294,"Zuschuss","KING",20130822,"CAD"
"242","COMPACT","GT Micro Fluid",53.04,15.728354,"Giulietta","CARTER",20150126,"NZD"
"243","COMPACT","TGR Rust Remover",33.15,10.69685,"Giulietta","ROSS",20150126,"AUD"
"244","COMPACT","Iron Trans Bolt Pack",26.52,7.741577,"Giulietta","MORRIS",20150126,"NZD"
"245","COMPACT","TGR Rust Remover",92.82,36.4735,"Jennifer","HENDERSON",20150502,"AUD"
"246","COMPACT","GT Micro Fluid",106.08,41.684,"Jennifer","MURPHY",20150502,"USD"
"247","COMPACT","Galey Motor Seal",33.15,7.193555,"Phillip","JONES",20150907,"CAD"
"248","COMPACT","Iron Trans Bolt Pack",53.04,20.842,"Phillip","MITCHELL",20150907,"CAD"
"249","COMPACT","Valve Seal Grely",112.71,23.955427,"Phillip","GREEN",20150907,"NZD"
"250","COMPACT","TGR Rust Remover",99.45,17.062242,"Vivek","HOWARD",20140412,"USD"
"251","COMPACT","GT Micro Fluid",92.82,13.428378,"Michael","DAVIS",20151110,"CAD"
"252","COMPACT","Hanley Shock Absorber",46.41,7.034788,"Steve","GONZALEZ",20131111,"CAD"
"253","COMPACT","Galey Motor Seal",72.93,27.840008,"Phillip","ALLEN",20151212,"CAD"
"254","VAN","Galey Motor Seal",25.74,8.938153,"Phillip","RODRIGUEZ",20151212,"CAD"
"255","VAN","Iron Trans Bolt Pack",128.7,50.5725,"Benjamin","YOUNG",20130602,"CAD"
"256","VAN","GT Micro Fluid",36.88,18.627844,"Shaun","LOPEZ",20150424,"NZD"
"257","VAN","X11 Valve",159.81,41.654576,"Arthur","SANDERS",20121113,"AUD"
"258","VAN","Light Ball Bearing Deyk",61.46,14.302516,"Suzanne","COLLINS",20130804,"CAD"
"259","VAN","Valve Seal Grely",49.17,17.662369,"Heather","WRIGHT",20131114,"AUD"
"260","VAN","GT Micro Fluid",98.34,38.64352,"Brendan","RIVERA",20150607,"CAD"
"261","VAN","TGR Rust Remover",12.29,7.394006,"Stephanie","YOUNG",20140310,"USD"
"262","VAN","Iron Trans Bolt Pack",73.76,28.98264,"Joy","MARTIN",20120713,"USD"
"263","VAN","Gas Enhancer Mini",42.9,10.844583,"Irene","ANDERSON",20140624,"USD"
"264","VAN","Ball Bearing - Heavy",17.16,11.148631,"Irene","SMITH",20140624,"USD"
"265","VAN","Galey Motor Seal",98.34,38.64352,"Irene","DAVIS",20140624,"CAD"
"266","VAN","GT Micro Fluid",8.58,6.480636,"Henry","HALL",20150322,"NZD"
"267","SUV","Light Ball Bearing Deyk",185.14,67.259586,"Henry","GRAY",20150322,"AUD"
"268","SUV","TGR Rust Remover",68.25,22.066774,"Henry","PHILLIPS",20150322,"AUD"
"269","SUV","Light Ball Bearing Deyk",123.43,21.579439,"Henry","BELL",20150322,"NZD"
"270","SUV","TGR Rust Remover",47.97,8.035204,"Dario","HENDERSON",20151125,"NZD"
"271","SUV","Galey Motor Seal",30.86,14.696062,"Lela","SANDERS",20140104,"AUD"
"272","SUV","Valve Seal Grely",109.2,42.91,"Randy","REED",20141120,"USD"
"273","SUV","X11 Valve",54.6,7.801038,"Guy","JACKSON",20130608,"USD"
"274","COMPACT","X11 Valve",134.78,52.355104,"Guy","MARTIN",20130608,"USD"
"275","COMPACT","Gas Enhancer Mini",134.78,52.9632,"Aaron","WILSON",20130821,"USD"
"276","COMPACT","GT Micro Fluid",52.42,23.057995,"Aaron","DAVIS",20130821,"NZD"
"277","COMPACT","Hanley Shock Absorber",87.36,39.179895,"Joy","TORRES",20140228,"NZD"
"278","COMPACT","GT Micro Fluid",113.57,49.857742,"Alejandro","COX",20150511,"AUD"
"279","COMPACT","TGR Rust Remover",96.1,37.7608,"Christopher","BELL",20150428,"CAD"
"280","COMPACT","Gas Enhancer Mini",8.42,6.503317,"Maria","CLARK",20151211,"CAD"
"281","COMPACT","X11 Valve",52.42,20.5968,"Kimberly","YOUNG",20150927,"AUD"
"282","COMPACT","Valve Seal Grely",117.94,29.328372,"Anne","RIVERA",20151210,"USD"
"283","COMPACT","TGR Rust Remover",96.1,36.805746,"Jim","SMITH",20120608,"NZD"
"284","COMPACT","Valve Seal Grely",87.36,20.813189,"Jim","COOPER",20120608,"USD"
"285","VAN","Light Ball Bearing Deyk",129.59,44.489088,"Jim","TAYLOR",20120608,"CAD"
"286","VAN","Gas Enhancer Mini",89.72,21.685488,"Janet","MITCHELL",20151224,"CAD"
"287","VAN","TGR Rust Remover",139.56,54.83898,"Janet","ADAMS",20151224,"USD"
"288","VAN","Hanley Shock Absorber",149.53,41.649672,"Karen","MOORE",20121012,"NZD"
"289","VAN","TGR Rust Remover",29.91,11.75121,"Raymond","KELLY",20140804,"AUD"
"290","VAN","TGR Rust Remover",159.49,62.67312,"Julie","COLLINS",20140921,"NZD"
"291","VAN","X11 Valve",59.81,23.50242,"Christina","RAMIREZ",20140816,"NZD"
"292","VAN","GT Micro Fluid",99.68,44.86547,"Christina","COX",20140816,"CAD"
"293","SUV","Valve Seal Grely",40.2,17.444754,"Naresj","NELSON",20140623,"USD"
"294","COMPACT","Hanley Shock Absorber",33.15,16.406945,"Naresj","ANDERSON",20140623,"AUD"
"295","COMPACT","Light Ball Bearing Deyk",39.78,17.487664,"Sean","BAILEY",20150314,"NZD"
"296","COMPACT","GT Micro Fluid",59.67,22.642994,"Sean","HOWARD",20150314,"CAD"
"297","COMPACT","Ball Bearing - Heavy",33.15,13.02625,"Michelle","GONZALEZ",20131113,"CAD"
"298","COMPACT","Ball Bearing - Heavy",19.89,9.49537,"Doug","HALL",20140519,"NZD"
"299","COMPACT","Iron Trans Bolt Pack",86.19,35.732383,"Doug","SANDERS",20140519,"NZD"
"300","COMPACT","Valve Seal Grely",53.04,20.842,"Carol","COX",20130906,"USD"
"301","COMPACT","TGR Rust Remover",19.89,7.905861,"Bill","MILLER",20140331,"USD"
"302","COMPACT","Ball Bearing - Heavy",99.45,39.07875,"Eugene","TAYLOR",20120105,"CAD"
"303","COMPACT","X11 Valve",26.52,10.421,"Patrick","RODRIGUEZ",20150521,"USD"
"304","COMPACT","GT Micro Fluid",39.78,15.6315,"Alan","JOHNSON",20140521,"CAD"
"305","COMPACT","Light Ball Bearing Deyk",79.56,19.981348,"Neil","SCOTT",20150111,"AUD"
"306","COMPACT","Light Ball Bearing Deyk",66.3,14.217922,"Neil","BELL",20150111,"CAD"
"307","COMPACT","GT Micro Fluid",79.56,30.991441,"Neil","BAKER",20150111,"AUD"
"308","VAN","X11 Valve",68.64,26.972,"Chris","STEWART",20151209,"CAD"
"309","VAN","Galey Motor Seal",98.34,15.229985,"Chris","WRIGHT",20151209,"CAD"
"310","VAN","Light Ball Bearing Deyk",12.29,4.83044,"Sean","HILL",20140410,"USD"
"311","VAN","Gas Enhancer Mini",85.8,14.892835,"Sean","MILLER",20140410,"CAD"
"312","VAN","Ball Bearing - Heavy",111.54,17.968869,"Tanja","HALL",20130629,"AUD"
"313","VAN","X11 Valve",208.98,83.009395,"Jim","PHILLIPS",20140505,"CAD"
"314","VAN","Ball Bearing - Heavy",8.58,9.327408,"Valerie","LEWIS",20140313,"NZD"
"315","VAN","Hanley Shock Absorber",77.22,26.290957,"Valerie","GRAY",20140313,"NZD"
"316","VAN","GT Micro Fluid",51.48,19.384899,"Paul","BENNETT",20140110,"AUD"
"317","VAN","Ball Bearing - Heavy",196.68,81.567619,"Ionia","STEWART",20130606,"NZD"
"318","VAN","Valve Seal Grely",86.05,38.289819,"Darren","KELLY",20141106,"CAD"
"319","SUV","TGR Rust Remover",30.86,12.12514,"Henry","HALL",20130118,"USD"
"320","SUV","Light Ball Bearing Deyk",177.45,10.26162,"Henry","SMITH",20130118,"CAD"
"321","SUV","Light Ball Bearing Deyk",204.75,24.40966,"Frank","WRIGHT",20151004,"USD"
"322","SUV","Valve Seal Grely",163.8,24.909868,"Shaun","SMITH",20150831,"CAD"
"323","SUV","Hanley Shock Absorber",204.75,80.45625,"Shaun","WALKER",20150831,"USD"
"324","COMPACT","GT Micro Fluid",16.85,6.6204,"Chad","CLARK",20130105,"CAD"
"325","COMPACT","Galey Motor Seal",8.74,7.24566,"Chad","MITCHELL",20130105,"USD"
"326","COMPACT","Galey Motor Seal",104.83,41.1936,"Chad","JACKSON",20130105,"NZD"
"327","COMPACT","Gas Enhancer Mini",33.7,13.2408,"Mark","HENDERSON",20121022,"USD"
"328","COMPACT","Light Ball Bearing Deyk",126.36,49.653,"Nat","WILSON",20130930,"USD"
"329","COMPACT","Hanley Shock Absorber",96.1,30.277296,"Nat","WILSON",20130930,"CAD"
"330","COMPACT","Iron Trans Bolt Pack",61.15,24.0296,"Nat","WRIGHT",20130930,"USD"
"331","COMPACT","GT Micro Fluid",75.82,29.7918,"Julia","HARRIS",20151028,"USD"
"332","COMPACT","Valve Seal Grely",33.7,8.173129,"Gary","JOHNSON",20150708,"CAD"
"333","COMPACT","Hanley Shock Absorber",50.54,19.8612,"Gary","GONZALEZ",20150708,"CAD"
"334","COMPACT","X11 Valve",92.66,18.055302,"Gary","LEE",20150708,"AUD"
"335","COMPACT","Light Ball Bearing Deyk",75.82,32.710293,"Maxwell","ROBERTS",20130625,"NZD"
"336","VAN","Gas Enhancer Mini",59.81,23.50242,"Jim","JAMES",20121130,"AUD"
"337","VAN","Iron Trans Bolt Pack",169.46,16.895506,"Janet","PARKER",20141223,"NZD"
"338","VAN","Gas Enhancer Mini",89.72,35.25363,"Janet","COLEMAN",20141223,"NZD"
"339","VAN","TGR Rust Remover",79.75,31.33656,"Janet","SANDERS",20141223,"NZD"
"340","VAN","Ball Bearing - Heavy",169.46,66.59019,"Tony","WOOD",20150208,"AUD"
"341","VAN","Gas Enhancer Mini",119.62,33.824727,"Sally","TURNER",20141202,"AUD"
"342","VAN","Gas Enhancer Mini",149.53,30.726625,"Barbara","COOPER",20150909,"CAD"
"343","VAN","Iron Trans Bolt Pack",139.56,54.83898,"Roy","YOUNG",20150302,"AUD"
"344","VAN","Valve Seal Grely",159.49,NA,"Roy","STEWART",20150302,"NZD"
"345","SUV","Light Ball Bearing Deyk",67,26.32835,"Roy","BARNES",20150302,"CAD"
"346","SUV","TGR Rust Remover",134,52.96933,"Roy","SCOTT",20150302,"AUD"
"347","SUV","Gas Enhancer Mini",214.41,84.25072,"Roy","BAILEY",20150302,"AUD"
"348","SUV","Gas Enhancer Mini",201.01,78.98505,"Roy","MURPHY",20150302,"CAD"
"349","SUV","Gas Enhancer Mini",227.81,89.51639,"Christina","ADAMS",20140531,"AUD"
"350","SUV","Gas Enhancer Mini",40.2,6.305931,"Christina","COOK",20140531,"NZD"
"351","COMPACT","Iron Trans Bolt Pack",86.19,14.545877,"Brad","BENNETT",20150209,"USD"
"352","COMPACT","X11 Valve",106.08,41.684,"Anthony","JACKSON",20150807,"USD"
"353","COMPACT","X11 Valve",19.89,11.254067,"Anna","JACKSON",20150112,"CAD"
"354","COMPACT","GT Micro Fluid",112.71,24.432341,"Anna","ALLEN",20150112,"USD"
"355","COMPACT","Iron Trans Bolt Pack",106.08,6.400946,"Maris","JONES",20130623,"USD"
"356","COMPACT","TGR Rust Remover",26.52,10.421,"Maris","MARTIN",20130623,"USD"
"357","COMPACT","GT Micro Fluid",33.15,6.75526,"Doug","GARCIA",20121031,"CAD"
"358","COMPACT","GT Micro Fluid",92.82,36.4735,"Joe","MITCHELL",20130203,"AUD"
"359","COMPACT","Hanley Shock Absorber",99.45,42.30926,"Sarah","STEWART",20141224,"CAD"
"360","COMPACT","GT Micro Fluid",6.63,8.162708,"Fred","ADAMS",20120920,"NZD"
"361","COMPACT","X11 Valve",66.3,29.528823,"Nora","COLEMAN",20150102,"AUD"
"362","COMPACT","Ball Bearing - Heavy",6.63,8.194584,"Nora","REED",20150102,"CAD"
"363","COMPACT","Iron Trans Bolt Pack",79.56,18.836264,"Frank","KING",20150701,"AUD"
"364","COMPACT","Valve Seal Grely",72.93,28.65775,"Jennifer","TURNER",20150515,"AUD"
"365","COMPACT","Ball Bearing - Heavy",112.71,44.28925,"Jennifer","MORGAN",20150515,"AUD"
"366","COMPACT","Iron Trans Bolt Pack",99.45,39.07875,"Bart","ROGERS",20140606,"USD"
"367","COMPACT","Ball Bearing - Heavy",79.56,31.263,"Bart","THOMAS",20140606,"CAD"
"368","COMPACT","Valve Seal Grely",112.71,48.480944,"Bart","HERNANDEZ",20140606,"USD"
"369","VAN","X11 Valve",128.7,55.425621,"Bart","ANDERSON",20140606,"AUD"
"370","VAN","GT Micro Fluid",172.1,67.62616,"Barry","PEREZ",20140719,"AUD"
"371","VAN","Hanley Shock Absorber",25.74,10.1145,"Laurel","BAILEY",20131109,"AUD"
"372","VAN","Hanley Shock Absorber",111.54,6.562165,"Adam","COLLINS",20140313,"NZD"
"373","VAN","Galey Motor Seal",8.58,9.243427,"Patrick","PRICE",20150912,"CAD"
"374","VAN","Hanley Shock Absorber",60.06,23.6005,"Patrick","NELSON",20150912,"CAD"
"375","VAN","Galey Motor Seal",12.29,9.466559,"Patrick","CARTER",20150912,"USD"
"376","VAN","Iron Trans Bolt Pack",122.93,48.3044,"Patrick","WHITE",20150912,"NZD"
"377","VAN","Ball Bearing - Heavy",60.06,14.784947,"Trudy","TORRES",20150306,"CAD"
"378","VAN","Galey Motor Seal",128.7,50.5725,"Neil","WALKER",20120930,"CAD"
"379","VAN","Gas Enhancer Mini",172.1,29.778927,"Darrin","WRIGHT",20160101,"USD"
"380","VAN","X11 Valve",137.28,39.32395,"Rob","MARTINEZ",20140825,"AUD"
"381","VAN","Iron Trans Bolt Pack",184.39,67.93266,"Joseph","PHILLIPS",20150724,"AUD"
"382","VAN","TGR Rust Remover",98.34,10.202159,"Keith","RIVERA",20120812,"NZD"
"383","SUV","GT Micro Fluid",79.95,6.853953,"Parhena","WATSON",20131208,"CAD"
"384","SUV","Gas Enhancer Mini",200.57,78.81341,"Joni","KING",20130305,"USD"
"385","SUV","Hanley Shock Absorber",218.4,70.205051,"Joni","MOORE",20130305,"USD"
"386","SUV","TGR Rust Remover",47.97,12.90365,"Nick","MARTIN",20130826,"AUD"
"387","SUV","Ball Bearing - Heavy",27.3,13.349301,"James","PEREZ",20151207,"CAD"
"388","SUV","Light Ball Bearing Deyk",109.2,6.587298,"James","HERNANDEZ",20151207,"AUD"
"389","SUV","Iron Trans Bolt Pack",136.5,41.466998,"James","MORRIS",20151207,"NZD"
"390","SUV","Hanley Shock Absorber",127.92,50.266,"Paul","JAMES",20140401,"CAD"
"391","COMPACT","Iron Trans Bolt Pack",25.27,11.129628,"Ted","GONZALEZ",20150114,"NZD"
"392","COMPACT","Light Ball Bearing Deyk",75.82,32423.4,"Ted","JAMES",20150114,"USD"
"393","COMPACT","Iron Trans Bolt Pack",69.89,27.4624,"Ted","DAVIS",20150114,"CAD"
"394","COMPACT","Hanley Shock Absorber",75.82,29.7918,"Ted","ALLEN",20150114,"NZD"
"395","COMPACT","X11 Valve",69.89,28.583577,"Ted","COX",20150114,"USD"
"396","COMPACT","TGR Rust Remover",16.85,6.6204,"Herbert","MILLER",20121206,"USD"
"397","COMPACT","TGR Rust Remover",25.27,10.68459,"Herbert","MILLER",20121206,"USD"
"398","COMPACT","Hanley Shock Absorber",122.3,36.306151,"Herbert","JOHNSON",20121206,"USD"
"399","COMPACT","Ball Bearing - Heavy",16.85,6.6204,"Michael","MARTINEZ",20120130,"AUD"
"400","COMPACT","Ball Bearing - Heavy",113.57,44.6264,"Michael","RIVERA",20120130,"USD"
"401","COMPACT","X11 Valve",17.47,6.8656,"Michael","DAVIS",20120130,"USD"
"402","COMPACT","Iron Trans Bolt Pack",34.94,13.710971,"Deborah","GARCIA",20140226,"CAD"
"403","COMPACT","GT Micro Fluid",8.74,8.817392,"Deborah","LEWIS",20140226,"USD"
"404","COMPACT","TGR Rust Remover",104.83,36.388293,"Deborah","THOMPSON",20140226,"AUD"
"405","COMPACT","TGR Rust Remover",139.78,54.9248,"Matt","EVANS",20140922,"USD"
"406","VAN","Iron Trans Bolt Pack",49.84,22.389825,"Susan","ROBINSON",20130613,"AUD"
"407","VAN","Valve Seal Grely",169.46,12.757756,"Adam","MURPHY",20150303,"USD"
"408","VAN","X11 Valve",59.81,18.399195,"Adam","HARRIS",20150303,"AUD"
"409","VAN","TGR Rust Remover",119.62,29.401932,"Adam","PEREZ",20150303,"CAD"
"410","VAN","Gas Enhancer Mini",19.94,12.219542,"Alice","YOUNG",20130710,"NZD"
"411","VAN","Valve Seal Grely",169.46,49.186507,"Brad","ROSS",20150702,"USD"
"412","SUV","Gas Enhancer Mini",26.8,14.073867,"Alan","GARCIA",20150512,"NZD"
"413","SUV","TGR Rust Remover",67,24.592334,"Alan","BENNETT",20150512,"AUD"
"414","SUV","Galey Motor Seal",26.8,10.842131,"Alan","SANCHEZ",20150512,"AUD"
"415","SUV","Iron Trans Bolt Pack",40.2,15.79701,"Todd","MURPHY",20120604,"NZD"
"416","SUV","Light Ball Bearing Deyk",201.01,51.70655,"Barry","ROSS",20130117,"USD"
"417","SUV","GT Micro Fluid",214.41,84.140993,"Barry","MARTIN",20130117,"NZD"
"418","COMPACT","Hanley Shock Absorber",59.67,23.44725,"Barry","RICHARDSON",20130117,"USD"
"419","COMPACT","Ball Bearing - Heavy",53.04,20.842,"Barry","HARRIS",20130117,"NZD"
"420","COMPACT","Valve Seal Grely",66.3,21.182215,"Adrian","PRICE",20130616,"CAD"
"421","COMPACT","X11 Valve",99.45,40.646191,"Adrian","LEE",20130616,"NZD"
"422","COMPACT","Iron Trans Bolt Pack",59.67,23.44725,"Edward","GRAY",20120212,"CAD"
"423","COMPACT","Light Ball Bearing Deyk",53.04,11.639031,"Khloe","WRIGHT",20130927,"CAD"
"424","COMPACT","Valve Seal Grely",19.89,7.81575,"Khloe","HALL",20130927,"CAD"
"425","COMPACT","Iron Trans Bolt Pack",72.93,10.601835,"Larry","WRIGHT",20150228,"CAD"
"426","COMPACT","GT Micro Fluid",72.93,21.42435,"Rob","YOUNG",20150902,"CAD"
"427","COMPACT","Hanley Shock Absorber",72.93,26.343675,"Sarah","WALKER",20150824,"AUD"
"428","COMPACT","Valve Seal Grely",79.56,27.715569,"Sarah","ROBERTS",20150824,"USD"
"429","COMPACT","GT Micro Fluid",33.15,13.02625,"Sarah","BROWN",20150824,"USD"
"430","COMPACT","Galey Motor Seal",99.45,33.225213,"Sarah","GARCIA",20150824,"NZD"
"431","COMPACT","Light Ball Bearing Deyk",86.19,9.214616,"Sarah","TORRES",20150824,"NZD"
"432","COMPACT","Light Ball Bearing Deyk",112.71,44.28925,"Sarah","BENNETT",20150824,"NZD"
"433","VAN","Gas Enhancer Mini",122.93,11.927141,"Giulietta","COOPER",20151012,"NZD"
"434","VAN","Galey Motor Seal",86.05,33.81308,"Giulietta","WOOD",20151012,"USD"
"435","VAN","Hanley Shock Absorber",135.22,51.74946,"Giulietta","MARTIN",20151012,"CAD"
"436","VAN","Iron Trans Bolt Pack",24.59,6.596493,"Barry","CARTER",20121211,"CAD"
"437","VAN","Ball Bearing - Heavy",73.76,15.039342,"Matt","HALL",20150826,"NZD"
"438","VAN","X11 Valve",24.59,8.605294,"Matt","WATSON",20150826,"AUD"
"439","VAN","Ball Bearing - Heavy",25.74,14.585109,"Matt","BAILEY",20150826,"USD"
"440","VAN","Galey Motor Seal",94.38,31.149595,"Patrick","JACKSON",20150724,"AUD"
"441","VAN","Gas Enhancer Mini",102.96,40.458,"Patrick","COOK",20150724,"NZD"
"442","VAN","X11 Valve",77.22,26.103379,"Patrick","TORRES",20150724,"NZD"
"443","VAN","GT Micro Fluid",25.74,9.805548,"Paul","WOOD",20140808,"NZD"
"444","VAN","X11 Valve",111.54,49.906782,"Rob","PETERSON",20141106,"NZD"
"445","VAN","X11 Valve",85.8,33.715,"Denny","RAMIREZ",20130906,"AUD"
"446","VAN","Iron Trans Bolt Pack",24.59,14.155396,"Denny","COLLINS",20130906,"CAD"
"447","SUV","Hanley Shock Absorber",61.71,26.337545,"Yana","LEE",20130916,"NZD"
"448","SUV","Light Ball Bearing Deyk",216,59.210283,NA,"WARD",20120914,"USD"
"449","SUV","TGR Rust Remover",77.14,30.31285,"Greg","MILLER",20150226,"NZD"
"450","SUV","Galey Motor Seal",204.75,45.868951,"Greg","TORRES",20150226,"CAD"
"451","COMPACT","X11 Valve",117.94,46.3428,"Brenda","WALKER",20150110,"USD"
"452","COMPACT","Light Ball Bearing Deyk",50.54,17.4705,"Sanjit","GARCIA",20140511,"CAD"
"453","COMPACT","X11 Valve",75.82,29.7918,"Berenike","NELSON",20150525,"CAD"
"454","COMPACT","TGR Rust Remover",NA,33.071963,"Lynn","CARTER",20150206,"NZD"
"455","COMPACT","Iron Trans Bolt Pack",61.15,23.368173,"Nora","GRAY",20130929,"AUD"
"456","COMPACT","Ball Bearing - Heavy",143.21,58.571537,"Nora","PARKER",20130929,"CAD"
"457","COMPACT","TGR Rust Remover",26.21,10.2984,"Nora","BAKER",20130929,"NZD"
"458","COMPACT","Hanley Shock Absorber",78.62,10.158023,"Nora","PRICE",20130929,"USD"
"459","COMPACT","Iron Trans Bolt Pack",122.3,10.463297,"Natalie","THOMAS",20121108,"USD"
"460","VAN","TGR Rust Remover",19.94,12.83009,"Natalie","MOORE",20121108,"NZD"
"461","VAN","Ball Bearing - Heavy",149.53,47.28069,"Ed","COLEMAN",20120409,"USD"
"462","VAN","Iron Trans Bolt Pack",169.46,66.59019,"Aaron","JONES",20150129,"USD"
"463","VAN","X11 Valve",39.87,15.903672,"Odella","WILLIAMS",20130102,"NZD"
"464","VAN","Iron Trans Bolt Pack",139.56,54.83898,"Odella","RICHARDSON",20130102,"NZD"
"465","VAN","Valve Seal Grely",79.75,31.33656,"Andrew","JAMES",20130611,"USD"
"466","VAN","Light Ball Bearing Deyk",139.56,54.83898,"Andrew","MARTIN",20130611,"AUD"
"467","VAN","X11 Valve",29.91,16.208946,"Lisa","BELL",20130703,"AUD"
"468","VAN","Iron Trans Bolt Pack",49.84,14.323358,"Benjamin","MORGAN",20130601,"CAD"
"469","VAN","GT Micro Fluid",109.65,21.648095,"Denise","KING",20120828,"AUD"
"470","VAN","TGR Rust Remover",169.46,8.031526,"Denise","SANCHEZ",20120828,"AUD"
"471","SUV","Galey Motor Seal",80.4,27.387001,"Denise","SANCHEZ",20120828,"NZD"
"472","SUV","Iron Trans Bolt Pack",187.61,73.71938,"Denise","COX",20120828,"AUD"
"473","COMPACT","GT Micro Fluid",99.45,39.07875,"Denise","ROBERTS",20120828,"USD"
"474","COMPACT","Gas Enhancer Mini",112.71,26.316703,"Denise","WHITE",20120828,"CAD"
"475","COMPACT","Galey Motor Seal",59.67,8.050529,"Becky","MITCHELL",20151124,"USD"
"476","COMPACT","X11 Valve",39.78,12.778598,"Becky","SMITH",20151124,"USD"
"477","COMPACT","Galey Motor Seal",19.89,7.473083,"Becky","MILLER",20151124,"NZD"
"478","COMPACT","Hanley Shock Absorber",33.15,13.02625,"Shirley","SANDERS",20150330,"CAD"
"479","COMPACT","Gas Enhancer Mini",53.04,18.798258,"Shirley","HILL",20150330,"USD"
"480","COMPACT","Light Ball Bearing Deyk",72.93,29.985508,"Nick","TAYLOR",20120822,"USD"
"481","COMPACT","Galey Motor Seal",66.3,8.692953,"Robert","JONES",20131108,"USD"
"482","COMPACT","Iron Trans Bolt Pack",59.67,23.44725,"Christy","ROBINSON",20120708,"CAD"
"483","COMPACT","Galey Motor Seal",53.04,15.557327,"Shirley","ADAMS",20130905,"NZD"
"484","COMPACT","Ball Bearing - Heavy",13.26,9.784093,"Shirley","ROSS",20130905,"USD"
"485","VAN","GT Micro Fluid",17.16,6.743,"Thomas","DAVIS",20140304,"NZD"
"486","VAN","Galey Motor Seal",111.54,11.206253,"Pierre","RICHARDSON",20160103,"CAD"
"487","VAN","X11 Valve",36.88,16.972131,"Pierre","LOPEZ",20160103,"CAD"
"488","VAN","Valve Seal Grely",94.38,37.0865,"Pierre","LEWIS",20160103,"USD"
"489","VAN","Valve Seal Grely",128.7,50.5725,"Pamela","MARTINEZ",20151212,"AUD"
"490","VAN","Ball Bearing - Heavy",196.68,77.28704,"Pamela","SANCHEZ",20151212,"USD"
"491","VAN","GT Micro Fluid",51.48,20.229,"Pamela","ROBINSON",20151212,"USD"
"492","VAN","Galey Motor Seal",145.86,47.445587,"Natalie","MARTIN",20150609,"CAD"
"493","VAN","Valve Seal Grely",68.64,26.972,"Natalie","LEWIS",20150609,"NZD"
"494","VAN","Galey Motor Seal",128.7,17.83217,"Natalie","SANDERS",20150609,"NZD"
"495","SUV","Iron Trans Bolt Pack",216,44.462116,"Carol","SANDERS",20140812,"USD"
"496","SUV","Gas Enhancer Mini",77.14,8.518861,"Sean","GARCIA",20151101,"NZD"
"497","COMPACT","Iron Trans Bolt Pack",8.42,3.3102,"Patrick","PETERSON",20140816,"AUD"
"498","COMPACT","Gas Enhancer Mini",134.78,52.9632,"Ross","COLLINS",20140618,"AUD"
"499","COMPACT","Gas Enhancer Mini",109.51,21.586795,"Lisa","COOK",20150427,"CAD"
"500","COMPACT","Galey Motor Seal",87.36,32.123652,"Kristen","ADAMS",20150620,"USD"
"501","COMPACT","GT Micro Fluid",34.94,11.772665,"Paul","MILLER",20151216,"USD"
"502","COMPACT","X11 Valve",42.12,8.66782,"Cindy","ANDERSON",20150628,"USD"
"503","COMPACT","Light Ball Bearing Deyk",17.47,6.8656,"Cindy","ROBINSON",20150628,"NZD"
"504","COMPACT","Light Ball Bearing Deyk",143.21,32.003504,"Stuart","WARD",20130711,"AUD"
"505","COMPACT","Ball Bearing - Heavy",117.94,46.3428,"Kristen","EDWARDS",20130409,"AUD"
"506","COMPACT","Ball Bearing - Heavy",148.51,58.3576,"Kristen","TURNER",20130409,"NZD"
"507","COMPACT","TGR Rust Remover",69.89,23.42273,"Fred","WATSON",20141118,"NZD"
"508","COMPACT","Valve Seal Grely",96.1,37.7608,"Jesus","JAMES",20120813,"USD"
"509","VAN","Hanley Shock Absorber",89.72,37.180289,"Janet","THOMPSON",20140606,"NZD"
"510","VAN","Ball Bearing - Heavy",49.84,18.41452,"Muhammed","HENDERSON",20130923,"AUD"
"511","VAN","Valve Seal Grely",149.53,22.271516,"Muhammed","BELL",20130923,"CAD"
"512","VAN","Light Ball Bearing Deyk",29.91,11.75121,"Muhammed","ALLEN",20130923,"USD"
"513","VAN","X11 Valve",89.72,26.069051,"Erica","WILSON",20150201,"AUD"
"514","VAN","Galey Motor Seal",9.97,3.91707,"David","EVANS",20150826,"NZD"
"515","VAN","Galey Motor Seal",129.59,53.038599,"David","PETERSON",20150826,"AUD"
"516","VAN","Gas Enhancer Mini",69.78,27.41949,"David","SANCHEZ",20150826,"AUD"
"517","VAN","Galey Motor Seal",99.68,20.292752,"Corey","RIVERA",20150819,"AUD"
"518","SUV","Galey Motor Seal",93.8,14.426955,"Corey","EDWARDS",20150819,"AUD"
"519","SUV","Ball Bearing - Heavy",53.6,21.06268,"Corey","SANCHEZ",20150819,"NZD"
"520","COMPACT","TGR Rust Remover",13.26,10.48843,"Corey","RICHARDSON",20150819,"NZD"
"521","COMPACT","X11 Valve",33.15,10.685816,"Corey","WOOD",20150819,"CAD"
"522","COMPACT","TGR Rust Remover",106.08,41.684,"Shahid","ADAMS",20151008,"NZD"
"523","COMPACT","Light Ball Bearing Deyk",99.45,39.07875,"Shahid","WATSON",20151008,"USD"
"524","COMPACT","Light Ball Bearing Deyk",39.78,16.579198,"Speros","WILLIAMS",20120801,"CAD"
"525","COMPACT","Valve Seal Grely",33.15,13.02625,"Benjamin","CLARK",20120404,"NZD"
"526","COMPACT","Light Ball Bearing Deyk",26.52,12.461064,"Benjamin","TORRES",20120404,"CAD"
"527","COMPACT","Valve Seal Grely",59.67,16.297831,"Benjamin","LEE",20120404,"CAD"
"528","COMPACT","Light Ball Bearing Deyk",86.19,33.86825,"Dennis","BAKER",20151111,"AUD"
"529","COMPACT","Hanley Shock Absorber",39.78,15.6315,"Darren","COLLINS",20140216,"AUD"
"530","COMPACT","Iron Trans Bolt Pack",72.93,31.67984,"Allen","ROGERS",20141118,"USD"
"531","VAN","Ball Bearing - Heavy",110.64,47.498305,"Allen","MARTINEZ",20141118,"AUD"
"532","VAN","Galey Motor Seal",102.96,25.40272,"Anthony","TURNER",20150630,"AUD"
"533","VAN","Galey Motor Seal",111.54,15.804366,"Anthony","MORGAN",20150630,"CAD"
"534","VAN","Gas Enhancer Mini",8.58,6.419336,"Anthony","LEWIS",20150630,"CAD"
"535","VAN","GT Micro Fluid",147.51,57.96528,"Anthony","BAKER",20150630,"CAD"
"536","VAN","Gas Enhancer Mini",98.34,11.287782,"Harry","ADAMS",20130906,"NZD"
"537","VAN","GT Micro Fluid",8.58,6.843532,"Lori","TORRES",20130927,"NZD"
"538","VAN","Gas Enhancer Mini",73.76,12.153338,"Lori","COX",20130927,"USD"
"539","VAN","Light Ball Bearing Deyk",73.76,33.763427,"Susan","JOHNSON",20130114,"USD"
"540","SUV","Valve Seal Grely",123.43,20.995863,"Mark","HARRIS",20150521,"AUD"
"541","SUV","TGR Rust Remover",63.96,25.133,"Mark","BELL",20150521,"NZD"
"542","SUV","Gas Enhancer Mini",79.95,31.41625,"Mark","BROOKS",20150521,"NZD"
"543","SUV","GT Micro Fluid",223.86,74.335445,"Mark","PRICE",20150521,"USD"
"544","SUV","TGR Rust Remover",223.86,87.9655,"Mark","CLARK",20150521,"USD"
"545","SUV","Ball Bearing - Heavy",246.85,60.161046,"Julie","MARTIN",20141214,"AUD"
"546","SUV","X11 Valve",46.29,11.810058,"Duane","ROGERS",20150628,"AUD"
"547","SUV","X11 Valve",54.6,23.370625,"Michael","COOK",20141105,"CAD"
"548","SUV","Ball Bearing - Heavy",216,74.150319,"Alan","HERNANDEZ",20121112,"USD"
"549","COMPACT","Valve Seal Grely",50.54,19.8612,"Alan","THOMAS",20121112,"NZD"
"550","COMPACT","GT Micro Fluid",101.09,12.964337,"Alan","BENNETT",20121112,"CAD"
"551","COMPACT","Iron Trans Bolt Pack",50.54,6.183944,"Luke","ALLEN",20121002,"USD"
"552","COMPACT","Valve Seal Grely",17.47,6.765681,"Melanie","GARCIA",20121001,"CAD"
"553","COMPACT","GT Micro Fluid",69.89,27.499793,"Melanie","GONZALEZ",20121001,"USD"
"554","COMPACT","Hanley Shock Absorber",101.09,39.7224,"Melanie","SMITH",20121001,"AUD"
"555","COMPACT","Hanley Shock Absorber",139.78,26.772162,"Nora","BELL",20130810,"USD"
"556","COMPACT","X11 Valve",101.09,36.70644,"Alice","SMITH",20150806,"AUD"
"557","COMPACT","Hanley Shock Absorber",78.62,30.8952,"Ann","COOK",20140301,"CAD"
"558","COMPACT","Valve Seal Grely",148.51,58.3576,"Ann","LEWIS",20140301,"CAD"
"559","COMPACT","Valve Seal Grely",58.97,25.224337,"Ann","LEE",20140301,"NZD"
"560","COMPACT","Galey Motor Seal",143.21,37.032556,"Anne","KELLY",20140915,"USD"
"561","COMPACT","Gas Enhancer Mini",8.42,3.3102,"Anne","MARTIN",20140915,"CAD"
"562","COMPACT","X11 Valve",131.04,53.077831,"Anne","ADAMS",20140915,"AUD"
"563","COMPACT","X11 Valve",84.24,35.457759,"Anne","SANCHEZ",20140915,"USD"
"564","COMPACT","Galey Motor Seal",25.27,9.9306,"Anne","DAVIS",20140915,"CAD"
"565","COMPACT","Hanley Shock Absorber",52.42,12.153951,"Adrian","ADAMS",20141002,"USD"
"566","VAN","Light Ball Bearing Deyk",29.91,12.546271,"Adrian","MILLER",20141002,"USD"
"567","VAN","Light Ball Bearing Deyk",19.94,13.017055,"Adrian","JACKSON",20141002,"AUD"
"568","VAN","Galey Motor Seal",149.53,30.502267,"Roy","STEWART",20120119,"AUD"
"569","VAN","TGR Rust Remover",79.75,17.027914,"Roy","MURPHY",20120119,"AUD"
"570","VAN","Iron Trans Bolt Pack",79.75,31.33656,"Roy","BELL",20120119,"USD"
"571","VAN","GT Micro Fluid",69.78,27.41949,"Roy","TAYLOR",20120119,"NZD"
"572","VAN","Galey Motor Seal",9.97,3.91707,"Michael","WARD",20150820,"NZD"
"573","VAN","Iron Trans Bolt Pack",49.84,19.58535,"Michael","TORRES",20150820,"CAD"
"574","VAN","X11 Valve",119.62,19.993608,"Thais","BAKER",20151124,"CAD"
"575","VAN","Ball Bearing - Heavy",39.87,12.557918,"Emily","KING",20140929,"CAD"
"576","VAN","TGR Rust Remover",99.68,39.1707,"Emily","YOUNG",20140929,"CAD"
"577","VAN","Galey Motor Seal",29.91,6.661471,"Christopher","GONZALEZ",20130625,"CAD"
"578","VAN","Ball Bearing - Heavy",169.46,60.536815,"Adam","HERNANDEZ",20131112,"CAD"
"579","VAN","X11 Valve",39.87,12.714233,"Bruce","RODRIGUEZ",20151225,"USD"
"580","VAN","GT Micro Fluid",119.62,50.642382,"Bruce","WILSON",20151225,"CAD"
"581","SUV","X11 Valve",227.81,83.015525,"Paul","YOUNG",20130213,"USD"
"582","SUV","Hanley Shock Absorber",227.81,38.62513,"Paul","MILLER",20130213,"AUD"
"583","COMPACT","TGR Rust Remover",66.3,32.104649,"Paul","REED",20130213,"NZD"
"584","COMPACT","TGR Rust Remover",79.56,31.263,"Paul","BROOKS",20130213,"NZD"
"585","COMPACT","Valve Seal Grely",99.45,36.484534,"Paul","BENNETT",20130213,"AUD"
"586","COMPACT","Ball Bearing - Heavy",39.78,10.307595,"Paul","MURPHY",20130213,"AUD"
"587","COMPACT","Iron Trans Bolt Pack",86.19,30.067037,"Rick","STEWART",20130301,"CAD"
"588","COMPACT","Light Ball Bearing Deyk",99.45,39.07875,"Michael","LOPEZ",20140318,"NZD"
"589","COMPACT","Iron Trans Bolt Pack",6.63,7.207654,"Michael","GRAY",20140318,"CAD"
"590","COMPACT","Iron Trans Bolt Pack",53.04,24.427437,"Jenna","HALL",20141124,"AUD"
"591","COMPACT","GT Micro Fluid",72.93,27.320184,"Phillip","MORRIS",20130818,"USD"
"592","COMPACT","GT Micro Fluid",106.08,17.56858,"Phillip","THOMAS",20130818,"USD"
"593","COMPACT","GT Micro Fluid",6.63,2.60525,"Phillip","THOMAS",20130818,"AUD"
"594","COMPACT","Ball Bearing - Heavy",106.08,41.684,"Phillip","EVANS",20130818,"AUD"
"595","COMPACT","Gas Enhancer Mini",46.41,15.119032,"Maureen","PARKER",20131106,"AUD"
"596","COMPACT","Ball Bearing - Heavy",66.3,26.0525,"Philip","COOPER",20140827,"USD"
"597","COMPACT","X11 Valve",53.04,22.855092,"Philip","MARTINEZ",20140827,"NZD"
"598","VAN","Hanley Shock Absorber",61.46,29.449746,"Philip","RICHARDSON",20140827,"AUD"
"599","VAN","GT Micro Fluid",147.51,42.453315,"Michael","BAILEY",20150905,"NZD"
"600","VAN","Gas Enhancer Mini",137.28,53.944,"Aaron","RICHARDSON",20150807,"USD"
"601","VAN","Ball Bearing - Heavy",98.34,38.64352,"Helen","GARCIA",20150919,"CAD"
"602","VAN","Gas Enhancer Mini",24.59,9.66088,"Darrin","YOUNG",20150619,"CAD"
"603","VAN","Gas Enhancer Mini",8.58,9.04788,"Trudy","WRIGHT",20131117,"AUD"
"604","VAN","Gas Enhancer Mini",12.29,8.675176,"Cyra","REED",20151029,"USD"
"605","VAN","Galey Motor Seal",49.17,10.09611,"Karen","MOORE",20150122,"CAD"
"606","VAN","Gas Enhancer Mini",85.8,33.715,"Natalie","RODRIGUEZ",20141129,"CAD"
"607","VAN","Ball Bearing - Heavy",36.88,12.225059,"Laura","LOPEZ",20150308,"USD"
"608","VAN","GT Micro Fluid",110.64,43.47396,"Laura","ROBINSON",20150308,"USD"
"609","SUV","Galey Motor Seal",92.57,22.034898,"Guy","MOORE",20140128,"CAD"
"610","SUV","TGR Rust Remover",207.87,34.0828,"Roy","NELSON",20140325,"AUD"
"611","SUV","Light Ball Bearing Deyk",92.57,36.37542,"Tim","COOPER",20120829,"NZD"
"612","SUV","Light Ball Bearing Deyk",109.2,20.34547,"Xylona","KELLY",20140908,"CAD"
"613","COMPACT","Valve Seal Grely",58.97,9.258139,"Xylona","HERNANDEZ",20140908,"USD"
"614","COMPACT","Galey Motor Seal",75.82,29.7918,"John","JOHNSON",20131220,"CAD"
"615","COMPACT","Valve Seal Grely",8.42,8.048077,"Joseph","WALKER",20120627,"USD"
"616","COMPACT","Ball Bearing - Heavy",84.24,33.667186,"Joseph","MOORE",20120627,"CAD"
"617","COMPACT","TGR Rust Remover",8.42,3.3102,"Katrina","LEWIS",20141104,"USD"
"618","COMPACT","GT Micro Fluid",143.21,56.2734,"Karen","HARRIS",20130504,"NZD"
"619","COMPACT","Galey Motor Seal",17.47,7.094862,"Doug","BROOKS",20140827,"AUD"
"620","COMPACT","Ball Bearing - Heavy",25.27,12.760821,"Eric","PARKER",20150627,"CAD"
"621","COMPACT","Galey Motor Seal",87.36,23.035927,"Becky","WALKER",20120817,"AUD"
"622","COMPACT","Hanley Shock Absorber",84.24,33.102,"Becky","REED",20120817,"CAD"
"623","COMPACT","Ball Bearing - Heavy",143.21,18.271078,"Jamie","GREEN",20130812,"CAD"
"624","COMPACT","TGR Rust Remover",139.78,28.993061,"Luke","RODRIGUEZ",20150901,"USD"
"625","COMPACT","Hanley Shock Absorber",109.51,10.835388,"Luke","THOMPSON",20150901,"NZD"
"626","COMPACT","Hanley Shock Absorber",143.21,56.2734,"Toby","SANDERS",20150211,"CAD"
"627","COMPACT","Valve Seal Grely",17.47,11.605316,"Erica","GONZALEZ",20151210,"USD"
"628","COMPACT","X11 Valve",67.39,16.348097,"Erica","MOORE",20151210,"CAD"
"629","COMPACT","Ball Bearing - Heavy",16.85,6.6204,"Erica","LEWIS",20151210,"AUD"
"630","COMPACT","Galey Motor Seal",58.97,17.501763,"Tanja","MORRIS",20140827,"CAD"
"631","COMPACT","Galey Motor Seal",43.68,17.990324,"Tanja","LOPEZ",20140827,"CAD"
"632","COMPACT","Light Ball Bearing Deyk",131.04,51.492,"Tanja","GONZALEZ",20140827,"USD"
"633","VAN","Galey Motor Seal",159.49,39.903848,"Tanja","JACKSON",20140827,"CAD"
"634","VAN","X11 Valve",129.59,55.606456,"Denny","RODRIGUEZ",20120813,"AUD"
"635","VAN","X11 Valve",89.72,24.327518,"Stefania","SANCHEZ",20141224,"CAD"
"636","VAN","Valve Seal Grely",29.91,17.073889,"Alan","GONZALEZ",20150827,"NZD"
"637","VAN","Gas Enhancer Mini",9.97,8.341091,"Alan","TORRES",20150827,"CAD"
"638","VAN","Gas Enhancer Mini",79.75,17.88734,"Alan","WRIGHT",20150827,"CAD"
"639","VAN","Valve Seal Grely",69.78,27.41949,"Shui","ALLEN",20140119,"USD"
"640","SUV","Gas Enhancer Mini",13.4,8.636557,"Patrick","WILLIAMS",20150914,"AUD"
"641","SUV","Gas Enhancer Mini",147.4,53.318127,"Mick","ROBERTS",20120829,"NZD"
"642","SUV","Valve Seal Grely",107.2,31.078487,"Dennis","WATSON",20141220,"NZD"
"643","SUV","Iron Trans Bolt Pack",147.4,NA,"Dennis","WOOD",20141220,"NZD"
"644","SUV","GT Micro Fluid",227.81,25.986296,"Liz","GRAY",20130730,"NZD"
"645","SUV","Iron Trans Bolt Pack",80.4,31.59402,"Carol","BROOKS",20150714,"AUD"
"646","COMPACT","Hanley Shock Absorber",19.89,12.023382,"Carol","MORRIS",20150714,"CAD"
"647","COMPACT","Valve Seal Grely",92.82,36.4735,"Anthony","ADAMS",20150416,"AUD"
"648","COMPACT","TGR Rust Remover",6.63,7.256694,"Carlos","EVANS",20151231,"NZD"
"649","COMPACT","TGR Rust Remover",26.52,10.421,"Carlos","RAMIREZ",20151231,"CAD"
"650","COMPACT","Galey Motor Seal",33.15,13.02625,"Carlos","SCOTT",20151231,"NZD"
"651","COMPACT","TGR Rust Remover",86.19,16.339515,"Carlos","SANDERS",20151231,"USD"
"652","COMPACT","GT Micro Fluid",66.3,NA,"Carlos","SMITH",20151231,"CAD"
"653","COMPACT","Valve Seal Grely",112.71,NA,"Carlos","ALLEN",20151231,"NZD"
"654","COMPACT","X11 Valve",112.71,44.28925,"Carlos","GRAY",20151231,"CAD"
"655","COMPACT","X11 Valve",86.19,26.964031,"Arianne","LEWIS",20150707,"CAD"
"656","COMPACT","GT Micro Fluid",112.71,32.995338,"Arianne","MITCHELL",20150707,"AUD"
"657","VAN","TGR Rust Remover",73.76,7.124286,"Tracy","SANCHEZ",20130603,"NZD"
"658","VAN","GT Micro Fluid",120.12,47.201,"Patrick","HOWARD",20130413,"AUD"
"659","VAN","X11 Valve",120.12,47.201,"Tracy","EDWARDS",20150326,"CAD"
"660","VAN","Galey Motor Seal",25.74,10.003547,"Tracy","GONZALEZ",20150326,"USD"
"661","VAN","X11 Valve",25.74,16.018303,"Tracy","DAVIS",20150326,"NZD"
"662","VAN","Gas Enhancer Mini",145.86,41.90468,"Tracy","WARD",20150326,"NZD"
"663","VAN","Valve Seal Grely",36.88,11.78186,"Pauline","RAMIREZ",20150317,"NZD"
"664","VAN","Galey Motor Seal",51.48,20.229,"Pauline","SANDERS",20150317,"USD"
"665","VAN","Iron Trans Bolt Pack",36.88,6.63879,"Pauline","THOMAS",20150317,"CAD"
"666","SUV","Galey Motor Seal",108,42.43799,"Clay","LOPEZ",20130811,"NZD"
"667","SUV","GT Micro Fluid",54.6,21.455,"Michael","RICHARDSON",20151006,"NZD"
"668","SUV","Iron Trans Bolt Pack",154.28,42.535457,"Pauline","WARD",20150815,"CAD"
"669","SUV","X11 Valve",136.5,34.980845,"Pauline","WRIGHT",20150815,"NZD"
"670","COMPACT","Gas Enhancer Mini",84.24,15.785976,"Carlos","WOOD",20151023,"USD"
"671","COMPACT","Ball Bearing - Heavy",117.94,39.843161,"Tonja","MARTINEZ",20120421,"USD"
"672","COMPACT","Galey Motor Seal",26.21,10.2984,"Dario","ANDERSON",20130629,"CAD"
"673","COMPACT","Iron Trans Bolt Pack",131.04,15.390591,"Alex","LOPEZ",20151223,"AUD"
"674","COMPACT","Valve Seal Grely",69.89,27.4624,"Cynthia","REED",20151002,"USD"
"675","COMPACT","Galey Motor Seal",43.68,9.160059,"Philip","BROWN",20140103,"NZD"
"676","COMPACT","X11 Valve",61.15,24.0296,"Philip","COX",20140103,"USD"
"677","COMPACT","X11 Valve",109.51,43.0326,"Neil","MARTINEZ",20150510,"CAD"
"678","COMPACT","Valve Seal Grely",131.04,11.529304,"Todd","CARTER",20150414,"NZD"
"679","COMPACT","Valve Seal Grely",8.42,6.832498,"Julie","BROOKS",20140921,"NZD"
"680","COMPACT","X11 Valve",69.89,27.4624,"Cari","SANDERS",20140823,"AUD"
"681","COMPACT","Ball Bearing - Heavy",92.66,36.4122,"Cari","EDWARDS",20140823,"USD"
"682","COMPACT","Ball Bearing - Heavy",34.94,16.1219,"Cari","THOMPSON",20140823,"CAD"
"683","COMPACT","TGR Rust Remover",33.7,13.2408,"Cari","RODRIGUEZ",20140823,"NZD"
"684","COMPACT","Valve Seal Grely",67.39,26.4816,"Carol","COLEMAN",20150816,"AUD"
"685","COMPACT","Valve Seal Grely",50.54,8.92528,"George","EVANS",20121011,"CAD"
"686","COMPACT","GT Micro Fluid",109.51,37.512535,"Patrick","LEE",20120315,"AUD"
"687","COMPACT","X11 Valve",25.27,13.042188,"Andrew","TURNER",20130620,"AUD"
"688","COMPACT","Valve Seal Grely",134.78,52.9632,"Andrew","BAILEY",20130620,"NZD"
"689","COMPACT","Light Ball Bearing Deyk",58.97,29.061717,"Andrew","PETERSON",20130620,"CAD"
"690","COMPACT","Gas Enhancer Mini",61.15,24.0296,"Andrew","LEE",20130620,"USD"
"691","COMPACT","Gas Enhancer Mini",96.1,7.70541,"Andrew","GARCIA",20130620,"NZD"
"692","VAN","Galey Motor Seal",59.81,20.838935,"Susan","PRICE",20140711,"AUD"
"693","VAN","Gas Enhancer Mini",169.46,38.737922,"Susan","COOK",20140711,"NZD"
"694","VAN","TGR Rust Remover",99.68,39.1707,"Lindsay","COLEMAN",20141117,"NZD"
"695","VAN","Valve Seal Grely",109.65,12.651094,"Lindsay","COX",20141117,"AUD"
"696","VAN","Gas Enhancer Mini",109.65,43.08777,"Lindsay","ROGERS",20141117,"NZD"
"697","VAN","Ball Bearing - Heavy",79.75,16.866695,"Andrew","COX",20150817,"AUD"
"698","VAN","Valve Seal Grely",19.94,7.83414,"Andrew","SANCHEZ",20150817,"USD"
"699","VAN","Iron Trans Bolt Pack",139.56,54.83898,"Andrew","MARTIN",20150817,"AUD"
"700","VAN","Ball Bearing - Heavy",39.87,15.66828,"Andrew","MORRIS",20150817,"USD"
"701","VAN","Valve Seal Grely",129.59,50.92191,"Theone","WILSON",20141209,"CAD"
"702","VAN","Gas Enhancer Mini",69.78,27.41949,"Bobby","HILL",20140210,"USD"
"703","SUV","GT Micro Fluid",40.2,18.930053,"Bobby","WILLIAMS",20140210,"AUD"
"704","SUV","Gas Enhancer Mini",107.2,40.393635,"Bobby","RIVERA",20140210,"CAD"
"705","SUV","Ball Bearing - Heavy",107.2,7.094862,"Bobby","WRIGHT",20140210,"NZD"
"706","COMPACT","TGR Rust Remover",59.67,13.604922,"Eleni","GRAY",20140708,"NZD"
"707","COMPACT","Light Ball Bearing Deyk",39.78,13.012151,"Eleni","BROOKS",20140708,"CAD"
"708","COMPACT","Light Ball Bearing Deyk",46.41,14.838891,"Candace","ADAMS",20130622,"USD"
"709","COMPACT","Valve Seal Grely",79.56,14.173786,"Paul","BROWN",20140117,"NZD"
"710","COMPACT","GT Micro Fluid",59.67,16.185039,"Aaron","HOWARD",20130217,"USD"
"711","COMPACT","Light Ball Bearing Deyk",72.93,28.65775,"Kean","BROWN",20150927,"CAD"
"712","COMPACT","Valve Seal Grely",39.78,15.6315,"Cyma","NELSON",20130522,"CAD"
"713","COMPACT","Gas Enhancer Mini",86.19,23.835892,"Corey","ADAMS",20120813,"AUD"
"714","COMPACT","TGR Rust Remover",6.63,6.811656,"Corey","COOK",20120813,"NZD"
"715","COMPACT","X11 Valve",66.3,26.0525,"Hilary","BARNES",20120712,"USD"
"716","COMPACT","Hanley Shock Absorber",106.08,39.285331,"Hilary","JACKSON",20120712,"NZD"
"717","COMPACT","GT Micro Fluid",19.89,7.81575,"Ricardo","HENDERSON",20150827,"NZD"
"718","COMPACT","GT Micro Fluid",46.41,16.822559,"Jason","RAMIREZ",20130607,"AUD"
"719","COMPACT","X11 Valve",13.26,5.2105,"Jason","COOPER",20130607,"NZD"
"720","VAN","Iron Trans Bolt Pack",42.9,16.8575,"Jason","BROOKS",20130607,"NZD"
"721","VAN","X11 Valve",17.16,6.277733,"Patrick","PRICE",20140601,"NZD"
"722","VAN","Iron Trans Bolt Pack",17.16,6.743,"Neil","WOOD",20150114,"NZD"
"723","VAN","Light Ball Bearing Deyk",NA,62.79572,"Neil","PETERSON",20150114,"USD"
"724","VAN","Galey Motor Seal",111.54,33.771396,"Neil","JACKSON",20150114,"USD"
"725","VAN","GT Micro Fluid",34.32,8.946122,"Neil","GARCIA",20150114,"USD"
"726","VAN","GT Micro Fluid",85.8,33.715,"Cyma","ROBINSON",20150609,"AUD"
"727","VAN","TGR Rust Remover",8.58,3.3715,"Aaron","PEREZ",20150216,"CAD"
"728","VAN","Gas Enhancer Mini",34.32,13.486,"Aaron","NELSON",20150216,"CAD"
"729","VAN","X11 Valve",77.22,9.037459,"Thea","CLARK",20150806,"USD"
"730","VAN","Hanley Shock Absorber",145.86,29.229679,"Ashley","ANDERSON",20141113,"USD"
"731","VAN","Ball Bearing - Heavy",85.8,26.862886,"Ashley","MARTINEZ",20141113,"NZD"
"732","VAN","Light Ball Bearing Deyk",147.51,57.96528,"Aimee","RICHARDSON",20130922,"AUD"
"733","SUV","Light Ball Bearing Deyk",40.95,11.710752,"Aimee","CAMPBELL",20130922,"AUD"
"734","SUV","Valve Seal Grely",154.28,25.134226,"Aimee","COOK",20130922,"CAD"
"735","SUV","X11 Valve",92.57,36.37542,"Aimee","RODRIGUEZ",20130922,"NZD"
"736","COMPACT","Valve Seal Grely",134.78,19.132956,"Alice","WARD",20130531,"NZD"
"737","COMPACT","Valve Seal Grely",67.39,16.788844,"Alice","BENNETT",20130531,"USD"
"738","COMPACT","Valve Seal Grely",96.1,11.780021,"Alice","HARRIS",20130531,"AUD"
"739","COMPACT","Valve Seal Grely",113.57,25.914575,"Deirdre","PEREZ",20140625,"AUD"
"740","COMPACT","TGR Rust Remover",16.85,10.904657,"Barry","CAMPBELL",20120808,"AUD"
"741","COMPACT","Gas Enhancer Mini",52.42,10.337019,"Barry","PHILLIPS",20120808,"CAD"
"742","COMPACT","GT Micro Fluid",26.21,10.2984,"Alejandro","GREEN",20150423,"AUD"
"743","COMPACT","Ball Bearing - Heavy",69.89,27.4624,"Jim","MORRIS",20141209,"USD"
"744","COMPACT","X11 Valve",131.04,37.887691,"Giulietta","MARTINEZ",20141129,"AUD"
"745","COMPACT","Gas Enhancer Mini",8.74,9.454299,"Giulietta","ROGERS",20141129,"USD"
"746","COMPACT","Ball Bearing - Heavy",131.04,51.492,"Peter","WHITE",20141115,"AUD"
"747","COMPACT","Galey Motor Seal",33.7,13.2408,"Raymond","ROBERTS",20120430,"USD"
"748","COMPACT","Light Ball Bearing Deyk",143.21,61.246056,"Christopher","WILLIAMS",20151204,"CAD"
"749","COMPACT","X11 Valve",117.94,25.535741,"Ken","KING",20140509,"NZD"
"750","COMPACT","Light Ball Bearing Deyk",50.54,19.8612,"Emily","KELLY",20150101,"USD"
"751","COMPACT","X11 Valve",84.24,37.545637,"Alex","MILLER",20130206,"USD"
"752","VAN","Ball Bearing - Heavy",159.49,55.428073,"Alex","JONES",20130206,"USD"
"753","VAN","Ball Bearing - Heavy",129.59,17.314798,"Jill","MOORE",20150816,"CAD"
"754","VAN","TGR Rust Remover",129.59,17.559385,"Jill","CARTER",20150816,"NZD"
"755","VAN","Hanley Shock Absorber",119.62,48.31666,"Jill","WARD",20150816,"AUD"
"756","VAN","Galey Motor Seal",119.62,11.228321,"Jill","EDWARDS",20150816,"USD"
"757","VAN","Iron Trans Bolt Pack",149.53,23.203276,"Ivan","THOMPSON",20150722,"USD"
"758","VAN","TGR Rust Remover",109.65,43.08777,"Scot","WILSON",20150306,"USD"
"759","VAN","Hanley Shock Absorber",69.78,27.41949,"Shahid","BROWN",20150116,"AUD"
"760","VAN","Valve Seal Grely",119.62,7.668017,"Bobby","RIVERA",20131120,"USD"
"761","VAN","Light Ball Bearing Deyk",79.75,31.33656,"Bobby","WILLIAMS",20131120,"AUD"
"762","SUV","Ball Bearing - Heavy",26.8,12.911619,"Bobby","PEREZ",20131120,"USD"
"763","SUV","Light Ball Bearing Deyk",174.21,72.278217,"Anna","TAYLOR",20140407,"NZD"
"764","SUV","Iron Trans Bolt Pack",13.4,5.26567,"Michael","WATSON",20140110,"AUD"
"765","SUV","Ball Bearing - Heavy",160.8,68.1043,"Mathew","PARKER",20150210,"USD"
"766","COMPACT","Valve Seal Grely",26.52,10.421,"Katherine","MARTINEZ",20130905,"CAD"
"767","COMPACT","Light Ball Bearing Deyk",86.19,33.86825,"Katherine","GREEN",20130905,"AUD"
"768","COMPACT","Light Ball Bearing Deyk",86.19,33.86825,"Katherine","PARKER",20130905,"AUD"
"769","COMPACT","Valve Seal Grely",6.63,7.345579,"Chuck","CAMPBELL",20150907,"USD"
"770","COMPACT","Gas Enhancer Mini",79.56,21.195088,"Paul","THOMPSON",20140829,"AUD"
"771","COMPACT","Iron Trans Bolt Pack",19.89,8.046851,"Roy","EDWARDS",20140219,"NZD"
"772","COMPACT","X11 Valve",19.89,8.626136,"Roy","PRICE",20140219,"CAD"
"773","COMPACT","Iron Trans Bolt Pack",6.63,2.60525,"Berenike","HILL",20120413,"CAD"
"774","COMPACT","Ball Bearing - Heavy",26.52,10.421,"Berenike","HERNANDEZ",20120413,"NZD"
"775","COMPACT","Gas Enhancer Mini",72.93,14.569171,"Berenike","COX",20120413,"USD"
"776","COMPACT","Iron Trans Bolt Pack",13.26,5.2105,"Berenike","TAYLOR",20120413,"CAD"
"777","COMPACT","Gas Enhancer Mini",112.71,41.487227,"Berenike","HALL",20120413,"NZD"
"778","COMPACT","Iron Trans Bolt Pack",92.82,7.322285,"Anna","BROOKS",20150927,"USD"
"779","COMPACT","Hanley Shock Absorber",13.26,5.2105,"Anna","JOHNSON",20150927,"CAD"
"780","VAN","Iron Trans Bolt Pack",25.74,11.08917,"Anna","HALL",20150927,"NZD"
"781","VAN","X11 Valve",94.38,38.250587,"Harold","SANDERS",20120616,"NZD"
"782","VAN","TGR Rust Remover",196.68,77.28704,"Harold","WOOD",20120616,"CAD"
"783","VAN","Iron Trans Bolt Pack",102.96,40.458,"Ted","BAKER",20140718,"CAD"
"784","VAN","Iron Trans Bolt Pack",42.9,15.701382,"Ted","WALKER",20140718,"NZD"
"785","VAN","X11 Valve",111.54,43.8295,"William","PETERSON",20120926,"CAD"
"786","VAN","Ball Bearing - Heavy",36.88,17.311733,"Brad","YOUNG",20150416,"AUD"
"787","VAN","Hanley Shock Absorber",51.48,20.229,"Brad","COOK",20150416,"NZD"
"788","VAN","GT Micro Fluid",49.17,19.32176,"Sally","BARNES",20130703,"AUD"
"789","VAN","Galey Motor Seal",122.93,48.3044,"Sally","TURNER",20130703,"CAD"
"790","VAN","GT Micro Fluid",17.16,6.743,"Sally","HALL",20140522,"AUD"
"791","VAN","Iron Trans Bolt Pack",102.96,40.458,"Ricardo","MURPHY",20150905,"USD"
"792","VAN","Light Ball Bearing Deyk",17.16,6.743,"Denny","ANDERSON",20121214,"USD"
"793","VAN","Iron Trans Bolt Pack",12.29,9.61184,"Michael","SMITH",20141106,"CAD"
"794","SUV","Ball Bearing - Heavy",77.14,14.502354,"Mick","NELSON",20140529,"NZD"
"795","SUV","Gas Enhancer Mini",92.57,36.37542,"Mick","BENNETT",20140529,"USD"
"796","SUV","GT Micro Fluid",154.28,50.780307,"Odella","ROBINSON",20150825,"USD"
"797","SUV","Valve Seal Grely",61.71,14.582044,"Zuschuss","JOHNSON",20150913,"NZD"
"798","SUV","GT Micro Fluid",163.8,64.365,"Erica","WATSON",20130831,"AUD"
"799","SUV","TGR Rust Remover",223.86,57.924822,"Erica","COOPER",20130831,"AUD"
"800","SUV","Light Ball Bearing Deyk",204.75,18.191388,"Katherine","CAMPBELL",20121231,"AUD"
"801","SUV","Galey Motor Seal",218.4,59.537012,"Katherine","BAILEY",20121231,"CAD"
"802","SUV","Valve Seal Grely",200.57,78.81341,"Alan","ALLEN",20150907,"USD"
"803","COMPACT","Light Ball Bearing Deyk",84.24,33.102,"Lindsay","HARRIS",20141115,"AUD"
"804","COMPACT","Light Ball Bearing Deyk",143.21,56.2734,"Shui","MURPHY",20150318,"NZD"
"805","COMPACT","Valve Seal Grely",84.24,9.622874,"Jonathan","COOPER",20150818,"AUD"
"806","COMPACT","Iron Trans Bolt Pack",131.04,49.782343,"Bruce","COOK",20121116,"USD"
"807","COMPACT","Ball Bearing - Heavy",148.51,58.3576,"Bruce","JONES",20121116,"NZD"
"808","COMPACT","TGR Rust Remover",104.83,22.304005,"Bruce","ROSS",20121116,"NZD"
"809","COMPACT","TGR Rust Remover",33.7,13.2408,"Tanja","HOWARD",20150831,"AUD"
"810","COMPACT","Gas Enhancer Mini",67.39,26.4816,"Brendan","TURNER",20141110,"NZD"
"811","COMPACT","Iron Trans Bolt Pack",139.78,23.424569,"Brendan","HOWARD",20141110,"AUD"
"812","COMPACT","TGR Rust Remover",148.51,50.081487,"Natalie","PHILLIPS",20151224,"NZD"
"813","COMPACT","GT Micro Fluid",26.21,7.560129,"Ken","RAMIREZ",20151006,"CAD"
"814","COMPACT","Valve Seal Grely",126.36,51.211859,"Ken","ADAMS",20151006,"CAD"
"815","COMPACT","Valve Seal Grely",113.57,44.6264,"Ken","LEE",20151006,"USD"
"816","COMPACT","X11 Valve",33.7,14.057929,"Rob","ANDERSON",20150907,"AUD"
"817","COMPACT","X11 Valve",126.36,9.863783,"Matthew","STEWART",20130316,"USD"
"818","COMPACT","Ball Bearing - Heavy",148.51,34.514352,"Matthew","MARTINEZ",20130316,"USD"
"819","COMPACT","Ball Bearing - Heavy",50.54,14.477221,"Tracy","THOMAS",20150614,"NZD"
"820","COMPACT","Gas Enhancer Mini",117.94,46.3428,"Guy","COX",20151017,"CAD"
"821","COMPACT","Iron Trans Bolt Pack",96.1,19.313791,"Guy","GREEN",20151017,"CAD"
"822","VAN","Light Ball Bearing Deyk",129.59,50.92191,"Guy","KING",20151017,"CAD"
"823","VAN","Gas Enhancer Mini",159.49,52.94481,"Guy","HERNANDEZ",20151017,"CAD"
"824","VAN","X11 Valve",129.59,24.094578,"Guy","MITCHELL",20151017,"NZD"
"825","VAN","Light Ball Bearing Deyk",109.65,10.516628,"Guy","ROSS",20151017,"AUD"
"826","VAN","Gas Enhancer Mini",39.87,15.66828,"Tracy","PHILLIPS",20140905,"AUD"
"827","VAN","Gas Enhancer Mini",149.53,58.75605,"Tracy","STEWART",20140905,"NZD"
"828","VAN","Galey Motor Seal",89.72,35.25363,"Shirley","SANDERS",20150322,"CAD"
"829","VAN","Ball Bearing - Heavy",109.65,42.597983,"Shirley","WRIGHT",20150322,"USD"
"830","VAN","Light Ball Bearing Deyk",159.49,35.164132,"Carlos","DAVIS",20130526,"USD"
"831","VAN","Galey Motor Seal",149.53,58.75605,"Carlos","HARRIS",20130526,"AUD"
"832","VAN","X11 Valve",79.75,31.33656,"Berenike","EDWARDS",20140121,"NZD"
"833","SUV","GT Micro Fluid",13.4,10.168444,"Berenike","SANDERS",20140121,"AUD"
"834","SUV","Iron Trans Bolt Pack",214.41,64.71441,"Berenike","MORGAN",20140121,"CAD"
"835","SUV","TGR Rust Remover",174.21,68.45371,"Pete","GONZALEZ",20141030,"USD"
"836","SUV","TGR Rust Remover",93.8,15.752874,"Bart","JOHNSON",20150731,"AUD"
"837","SUV","Valve Seal Grely",93.8,14.782495,"Jay","ROGERS",20140831,"AUD"
"838","SUV","X11 Valve",107.2,44.668084,"Jay","BAILEY",20140831,"AUD"
"839","COMPACT","Hanley Shock Absorber",106.08,41.684,"John","PARKER",20140506,"USD"
"840","COMPACT","Ball Bearing - Heavy",26.52,9.187031,"John","ANDERSON",20140506,"USD"
"841","COMPACT","Iron Trans Bolt Pack",106.08,22.574951,"Henry","JACKSON",20130909,"USD"
"842","COMPACT","Light Ball Bearing Deyk",13.26,8.635944,"Dennis","MARTIN",20120518,"AUD"
"843","COMPACT","Hanley Shock Absorber",6.63,8.640848,"Dennis","SANCHEZ",20120518,"CAD"
"844","COMPACT","GT Micro Fluid",66.3,26.431334,"Vivek","LEWIS",20150913,"CAD"
"845","COMPACT","GT Micro Fluid",92.82,36.4735,"Katrina","ADAMS",20150628,"USD"
"846","COMPACT","Valve Seal Grely",6.63,6.509447,"Katrina","ROBINSON",20150628,"USD"
"847","COMPACT","Light Ball Bearing Deyk",19.89,13.725683,"Scot","BROWN",20131203,"CAD"
"848","COMPACT","GT Micro Fluid",79.56,29.060491,"Scot","GONZALEZ",20131203,"CAD"
"849","COMPACT","TGR Rust Remover",33.15,13.199729,"Scot","HERNANDEZ",20131203,"NZD"
"850","COMPACT","Light Ball Bearing Deyk",86.19,33.86825,"Grant","PRICE",20120907,"AUD"
"851","VAN","Ball Bearing - Heavy",128.7,50.5725,"Cynthia","MURPHY",20120701,"AUD"
"852","VAN","Iron Trans Bolt Pack",42.9,16.886924,"Steven","CAMPBELL",20151221,"AUD"
"853","VAN","Galey Motor Seal",196.68,42.529327,"Guy","RIVERA",20120612,"AUD"
"854","VAN","Gas Enhancer Mini",12.29,6.533967,"Peter","TURNER",20131119,"CAD"
"855","VAN","X11 Valve",34.32,13.486,"Maurice","ADAMS",20120927,"AUD"
"856","VAN","Ball Bearing - Heavy",128.7,10.809642,"Sung","COLLINS",20130427,"NZD"
"857","VAN","Ball Bearing - Heavy",145.86,45.072051,"Lori","ROSS",20120204,"NZD"
"858","VAN","Galey Motor Seal",98.34,38.64352,"Carlos","WATSON",20140820,"CAD"
"859","VAN","Light Ball Bearing Deyk",135.22,28.214551,"Carlos","NELSON",20140820,"NZD"
"860","VAN","Iron Trans Bolt Pack",24.59,12.343368,"Carlos","WARD",20140820,"CAD"
"861","VAN","Gas Enhancer Mini",73.76,13.489065,"Carlos","HILL",20140820,"NZD"
"862","VAN","Iron Trans Bolt Pack",68.64,20.602317,"Carlos","BARNES",20140820,"CAD"
"863","VAN","Hanley Shock Absorber",8.58,6.237888,"Nick","HALL",20120922,"AUD"
"864","VAN","Gas Enhancer Mini",196.68,44.974584,"Alan","MORGAN",20120812,"AUD"
"865","SUV","TGR Rust Remover",123.43,48.50056,"Alan","MORRIS",20120812,"NZD"
"866","SUV","Ball Bearing - Heavy",169.71,10.839679,"Alan","WOOD",20120812,"NZD"
"867","SUV","X11 Valve",216,88.263418,"Alan","COOPER",20120812,"NZD"
"868","SUV","Ball Bearing - Heavy",123.43,24.683058,"Maris","KELLY",20150627,"AUD"
"869","SUV","Gas Enhancer Mini",63.96,25.133,"Christine","RIVERA",20140415,"CAD"
"870","SUV","X11 Valve",127.92,10.832323,"Christine","ALLEN",20140415,"USD"
"871","SUV","GT Micro Fluid",169.71,66.68827,"Adam","MOORE",20120616,"AUD"
"872","SUV","Gas Enhancer Mini",218.4,64.730961,"Adam","EVANS",20120616,"CAD"
"873","COMPACT","Valve Seal Grely",26.21,13.534427,"Adam","CLARK",20120616,"NZD"
"874","COMPACT","Ball Bearing - Heavy",8.42,6.676183,"Adam","BARNES",20120616,"NZD"
"875","COMPACT","Hanley Shock Absorber",42.12,22.54614,"Scott","HENDERSON",20150908,"CAD"
"876","COMPACT","Iron Trans Bolt Pack",92.66,15.614336,"Scott","GONZALEZ",20150908,"USD"
"877","COMPACT","Hanley Shock Absorber",67.39,9.036846,"Scott","GARCIA",20150908,"NZD"
"878","COMPACT","TGR Rust Remover",122.3,48.0592,"Scott","RAMIREZ",20150908,"CAD"
"879","COMPACT","Ball Bearing - Heavy",50.54,7.953062,"Joseph","GONZALEZ",20140905,"NZD"
"880","COMPACT","Ball Bearing - Heavy",67.39,26.4816,"Joseph","SANDERS",20140905,"USD"
"881","COMPACT","Gas Enhancer Mini",122.3,39.157827,"Brian","ROBINSON",20140615,"NZD"
"882","COMPACT","Valve Seal Grely",61.15,30.041904,"Brian","COLEMAN",20140615,"USD"
"883","COMPACT","Valve Seal Grely",58.97,9.055236,"Brian","MARTIN",20140615,"AUD"
"884","COMPACT","TGR Rust Remover",143.21,39.292074,"Brian","SANCHEZ",20140615,"CAD"
"885","COMPACT","Light Ball Bearing Deyk",67.39,26.4816,"Brian","HILL",20140615,"AUD"
"886","VAN","Ball Bearing - Heavy",59.81,27.602164,"Dave","PEREZ",20150722,"NZD"
"887","VAN","Iron Trans Bolt Pack",99.68,39.1707,"Nathan","BARNES",20141201,"NZD"
"888","VAN","Light Ball Bearing Deyk",169.46,69.828056,"Jack","KELLY",20120607,"CAD"
"889","VAN","Iron Trans Bolt Pack",69.78,10.664974,"Jack","NELSON",20120607,"AUD"
"890","VAN","TGR Rust Remover",129.59,50.92191,"Justin","PHILLIPS",20120703,"NZD"
"891","VAN","Valve Seal Grely",89.72,7.789391,"Michael","BARNES",20140219,"USD"
"892","VAN","Hanley Shock Absorber",109.65,21.605798,"Darren","WILLIAMS",20130321,"CAD"
"893","VAN","Galey Motor Seal",49.84,19.58535,"Darren","CARTER",20130321,"CAD"
"894","VAN","X11 Valve",99.68,22.144012,"Georgia","CARTER",20150122,"USD"
"895","VAN","Hanley Shock Absorber",89.72,18.757187,"Georgia","JOHNSON",20150122,"USD"
"896","VAN","Iron Trans Bolt Pack",159.49,62.67312,"Nick","DAVIS",20140329,"AUD"
"897","VAN","Hanley Shock Absorber",149.53,26.574776,"Nick","MORRIS",20140329,"AUD"
"898","VAN","Light Ball Bearing Deyk",169.46,66.59019,"Stewart","PARKER",20140619,"CAD"
"899","SUV","Hanley Shock Absorber",13.4,10.484139,"Stewart","MITCHELL",20140619,"CAD"
"900","COMPACT","Galey Motor Seal",66.3,16.378134,"Stewart","SCOTT",20140619,"AUD"
"901","COMPACT","Galey Motor Seal",92.82,36.4735,"Yoseph","MORRIS",20140509,"USD"
"902","COMPACT","TGR Rust Remover",19.89,7.81575,"Yoseph","MARTIN",20140509,"AUD"
"903","COMPACT","Hanley Shock Absorber",46.41,16.615365,"Ben","COOPER",20120628,"NZD"
"904","COMPACT","TGR Rust Remover",112.71,7.033562,"Ben","COOPER",20120628,"CAD"
"905","COMPACT","Hanley Shock Absorber",46.41,20.945597,"Arthur","CARTER",20121001,"USD"
"906","COMPACT","Ball Bearing - Heavy",33.15,9.449395,"Vicky","THOMAS",20140406,"AUD"
"907","COMPACT","X11 Valve",92.82,28.964863,"Maria","COLLINS",20131230,"NZD"
"908","COMPACT","GT Micro Fluid",79.56,31.263,"Rick","JAMES",20140915,"USD"
"909","COMPACT","Iron Trans Bolt Pack",112.71,35.212559,"Rick","SMITH",20140915,"AUD"
"910","COMPACT","X11 Valve",112.71,44.28925,"Craig","CAMPBELL",20150515,"CAD"
"911","COMPACT","GT Micro Fluid",112.71,48.751277,"Mark","ADAMS",20121222,"NZD"
"912","COMPACT","Valve Seal Grely",19.89,6.130613,"Mark","WATSON",20121222,"AUD"
"913","VAN","Iron Trans Bolt Pack",17.16,9.405259,"Mark","ROGERS",20121222,"NZD"
"914","VAN","X11 Valve",208.98,86.775667,"Mark","BENNETT",20121222,"AUD"
"915","VAN","Valve Seal Grely",122.93,38.405676,"Mark","RIVERA",20121222,"USD"
"916","VAN","X11 Valve",111.54,47.091886,"Henry","HARRIS",20140415,"AUD"
"917","VAN","Gas Enhancer Mini",17.16,7.246886,"Henry","PARKER",20140415,"NZD"
"918","VAN","TGR Rust Remover",135.22,43.993784,"Henry","COOPER",20140415,"AUD"
"919","VAN","Iron Trans Bolt Pack",12.29,8.840073,"Frank","SANCHEZ",20140921,"USD"
"920","VAN","GT Micro Fluid",73.76,27.782386,"Maria","WILLIAMS",20120930,"USD"
"921","SUV","Galey Motor Seal",271.83,82.051889,"Maria","GARCIA",20120930,"USD"
"922","SUV","GT Micro Fluid",262.28,103.06369,"Neil","GARCIA",20150810,"AUD"
"923","SUV","Gas Enhancer Mini",95.94,37.6995,"Neil","BAILEY",20150810,"USD"
"924","SUV","Light Ball Bearing Deyk",NA,24.384527,"Neil","JACKSON",20150810,"USD"
"925","COMPACT","Iron Trans Bolt Pack",92.66,39.405479,"Keith","WILLIAMS",20151111,"AUD"
"926","COMPACT","TGR Rust Remover",17.47,9.540119,"Mike","BELL",20131124,"NZD"
"927","COMPACT","Hanley Shock Absorber",67.39,26.4816,"Mike","COOPER",20131124,"AUD"
"928","COMPACT","Ball Bearing - Heavy",34.94,8.421394,"Sonia","COOPER",20130610,"AUD"
"929","COMPACT","Valve Seal Grely",92.66,19.596384,"Sonia","MORRIS",20130610,"AUD"
"930","COMPACT","Gas Enhancer Mini",67.39,26.4816,"Sonia","PHILLIPS",20130610,"AUD"
"931","COMPACT","Gas Enhancer Mini",34.94,13.7312,"Jim","EVANS",20150318,"NZD"
"932","COMPACT","X11 Valve",16.85,7.463275,"Joy","HOWARD",20150619,"USD"
"933","COMPACT","Galey Motor Seal",122.3,51.70655,"Joy","JONES",20150619,"AUD"
"934","COMPACT","Hanley Shock Absorber",69.89,NA,"Ken","SANCHEZ",20120830,"AUD"
"935","COMPACT","Light Ball Bearing Deyk",52.42,19.148894,"Clay","MORGAN",20150508,"AUD"
"936","COMPACT","Gas Enhancer Mini",69.89,27.4624,"Clay","ROGERS",20150508,"USD"
"937","COMPACT","Valve Seal Grely",42.12,7.675373,"Clay","WILLIAMS",20150508,"NZD"
"938","COMPACT","Ball Bearing - Heavy",58.97,23.1714,"Steve","PRICE",20150703,"AUD"
"939","COMPACT","Ball Bearing - Heavy",67.39,26.366969,"Steve","MURPHY",20150703,"USD"
"940","VAN","Valve Seal Grely",39.87,15.66828,"Chris","WILLIAMS",20130717,"AUD"
"941","VAN","X11 Valve",69.78,13.158658,"Chris","COOK",20130717,"USD"
"942","VAN","Ball Bearing - Heavy",49.84,17.978064,"Maribeth","TAYLOR",20151114,"CAD"
"943","VAN","GT Micro Fluid",89.72,35.023142,"Joel","KING",20140803,"AUD"
"944","VAN","Iron Trans Bolt Pack",149.53,20.264554,"Jill","ROBERTS",20150406,"NZD"
"945","VAN","X11 Valve",9.97,3.91707,"Charles","KELLY",20140506,"CAD"
"946","VAN","X11 Valve",89.72,35.25363,"Daniel","LOPEZ",20120904,"CAD"
"947","VAN","Hanley Shock Absorber",29.91,17.545286,"Sample","GONZALEZ",20150414,"CAD"
"948","VAN","Gas Enhancer Mini",99.68,39.1707,"Gene","KING",20120530,"USD"
"949","VAN","GT Micro Fluid",139.56,30.369859,"Gene","WILSON",20120530,"AUD"
"950","VAN","Ball Bearing - Heavy",29.91,11.75121,"Gene","PARKER",20120530,"AUD"
"951","SUV","GT Micro Fluid",53.6,21.06268,"Dorothy","EVANS",20150623,"USD"
"952","SUV","TGR Rust Remover",93.8,36.85969,"Dorothy","JACKSON",20150623,"USD"
"953","SUV","Iron Trans Bolt Pack",174.21,28.836746,"James","ROBINSON",20130317,"CAD"
"954","SUV","TGR Rust Remover",214.41,55.245399,"Mike","ALLEN",20130529,"CAD"
"955","COMPACT","Valve Seal Grely",72.93,28.65775,"Carl","ADAMS",20130522,"NZD"
"956","COMPACT","GT Micro Fluid",106.08,7.940189,"Carl","SANDERS",20130522,"AUD"
"957","COMPACT","GT Micro Fluid",39.78,15.6315,"Zuschuss","ROGERS",20121124,"AUD"
"958","COMPACT","Galey Motor Seal",46.41,14.306194,"Zuschuss","CAMPBELL",20121124,"NZD"
"959","COMPACT","Light Ball Bearing Deyk",46.41,11.995184,"Brad","HOWARD",20141210,"AUD"
"960","COMPACT","Light Ball Bearing Deyk",6.63,2.60525,"Tim","STEWART",20151112,"CAD"
"961","COMPACT","Ball Bearing - Heavy",106.08,41.684,"Tim","ADAMS",20151112,"AUD"
"962","COMPACT","Ball Bearing - Heavy",53.04,20.842,"Tim","SANCHEZ",20151112,"NZD"
"963","COMPACT","Ball Bearing - Heavy",79.56,31.263,"Nick","RAMIREZ",20150122,"CAD"
"964","COMPACT","X11 Valve",86.19,28.79874,"Ann","CLARK",20120121,"USD"
"965","COMPACT","Light Ball Bearing Deyk",92.82,27.819166,"Nat","GARCIA",20150916,"USD"
"966","COMPACT","Gas Enhancer Mini",59.67,16.505638,"Nat","THOMPSON",20150916,"USD"
"967","COMPACT","X11 Valve",92.82,36.4735,"Melanie","MARTINEZ",20140907,"AUD"
"968","COMPACT","X11 Valve",106.08,41.684,"Michael","CAMPBELL",20151111,"CAD"
"969","VAN","Gas Enhancer Mini",77.22,30.3435,"Michael","LEWIS",20151111,"AUD"
"970","VAN","X11 Valve",12.29,8.198262,"Michael","MORRIS",20151111,"AUD"
"971","VAN","Valve Seal Grely",208.98,82.11748,"Michael","ROGERS",20151111,"CAD"
"972","VAN","GT Micro Fluid",208.98,82.11748,"Michael","RODRIGUEZ",20151111,"CAD"
"973","VAN","Light Ball Bearing Deyk",73.76,28.904176,"Laurel","HERNANDEZ",20130320,"CAD"
"974","VAN","Light Ball Bearing Deyk",135.22,8.734637,"Laurel","YOUNG",20130320,"AUD"
"975","VAN","Ball Bearing - Heavy",98.34,16.682182,"Laurel","MORRIS",20130320,"NZD"
"976","VAN","GT Micro Fluid",208.98,32.884998,"Laurel","HOWARD",20130320,"USD"
"977","SUV","Gas Enhancer Mini",47.97,14.923485,"Laurel","GARCIA",20130320,"AUD"
"978","SUV","Valve Seal Grely",127.92,9.546862,"Aleksandra","REED",20141119,"NZD"
"979","SUV","Hanley Shock Absorber",15.43,9.766316,"Aleksandra","BARNES",20141119,"CAD"
"980","SUV","Ball Bearing - Heavy",262.28,67.966375,"Erica","HALL",20140704,"NZD"
"981","SUV","Valve Seal Grely",47.97,11.680102,"Erica","WOOD",20140704,"AUD"
"982","SUV","TGR Rust Remover",95.94,37.6995,"Erica","STEWART",20140704,"CAD"
"983","COMPACT","Galey Motor Seal",43.68,21.293781,"Erica","HILL",20140704,"CAD"
"984","COMPACT","GT Micro Fluid",122.3,29.675943,"Erica","HERNANDEZ",20140704,"USD"
"985","COMPACT","Gas Enhancer Mini",101.09,39.7224,"Erica","ANDERSON",20140704,"CAD"
"986","COMPACT","Galey Motor Seal",126.36,32.447929,"Christine","RODRIGUEZ",20150109,"USD"
"987","COMPACT","Ball Bearing - Heavy",8.74,3.4328,"Julie","HARRIS",20140820,"AUD"
"988","COMPACT","Galey Motor Seal",17.47,12.555466,"Becky","COOK",20131021,"NZD"
"989","COMPACT","Galey Motor Seal",78.62,30.8952,"Becky","WATSON",20131021,"USD"
"990","COMPACT","GT Micro Fluid",87.36,34.328,"Becky","JONES",20131021,"USD"
"991","COMPACT","TGR Rust Remover",104.83,44.049567,"Becky","JONES",20131021,"NZD"
"992","COMPACT","Iron Trans Bolt Pack",117.94,46.3428,"Sarah","COX",20120801,"USD"
"993","COMPACT","GT Micro Fluid",42.12,17.41533,"Michael","MILLER",20151229,"CAD"
"994","COMPACT","Ball Bearing - Heavy",78.62,15.068766,"Anthony","HILL",20130906,"USD"
"995","COMPACT","GT Micro Fluid",16.85,12.073035,"Anthony","TAYLOR",20130906,"NZD"
"996","COMPACT","Hanley Shock Absorber",113.57,12.085908,"Laura","KELLY",20130606,"CAD"
"997","COMPACT","Iron Trans Bolt Pack",50.54,19.386738,"Laura","MITCHELL",20130606,"NZD"
"998","COMPACT","TGR Rust Remover",143.21,39.424482,"Mark","KELLY",20151219,"CAD"
"999","COMPACT","Hanley Shock Absorber",96.1,37.7608,"Deanra","ADAMS",20140620,"AUD"
"1000","COMPACT","Ball Bearing - Heavy",122.3,43.423694,"Alan","COLLINS",20131015,"CAD"
"1001",NA,"Hanley Shock Absorber",NA,NA,NA,"KING",20131015,"CAD"
